--1
insert into HOCSINH (
    MaHocSinh,
    HoTen,
	GioiTinh,
	NgaySinh,
	DanToc,
	TonGiao,
	QueQuan,
	DiaChi,
	SDT,
	Email,
	HoTenCha,
	CCCD_Cha,
	NamSinh_Cha,
	SDT_Cha,
	NgheNghiep_Cha,
	HoTenMe,
	CCCD_Me,
	NamSinh_Me,
	SDT_Me,
	NgheNghiep_Me
)
values(
	'22520041',
	N'Ma Văn Chương',
	N'Nam',
	'1/1/2008',
	N'Kinh',
	N'Không',
	N'Bình Dương',
	N'Bình Dương',
	'0330000001',
	'mvc@gmail.com',
	N'Nguyễn Trần Vũ Quang',
	'074000000001',
	1975,
	'0340000001',
	N'IT',
	N'Võ Thị Tố Như',
	'074100000001',
	1975,
	'0350000001',
	N'IT'
)

--2
insert into HOCSINH (
    MaHocSinh,
    HoTen,
	GioiTinh,
	NgaySinh,
	DanToc,
	TonGiao,
	QueQuan,
	DiaChi,
	SDT,
	Email,
	HoTenCha,
	CCCD_Cha,
	NamSinh_Cha,
	SDT_Cha,
	NgheNghiep_Cha,
	HoTenMe,
	CCCD_Me,
	NamSinh_Me,
	SDT_Me,
	NgheNghiep_Me
)
values(
	'22520042',
	N'Phạm Huỳnh Thiên Phú',
	N'Nữ',
	'2/1/2008',
	N'Kinh',
	N'Không',
	N'Bình Dương',
	N'Bình Dương',
	'0330000002',
	'phtp@gmail.com',
	N'Đặng Huỳnh Vĩnh Tân',
	'074000000002',
	1975,
	'0340000002',
	N'IT',
	N'Trần Huỳnh Vân Anh',
	'074100000002',
	1975,
	'0350000002',
	N'IT'
)


--3
insert into HOCSINH (
    MaHocSinh,
    HoTen,
	GioiTinh,
	NgaySinh,
	DanToc,
	TonGiao,
	QueQuan,
	DiaChi,
	SDT,
	Email,
	HoTenCha,
	CCCD_Cha,
	NamSinh_Cha,
	SDT_Cha,
	NgheNghiep_Cha,
	HoTenMe,
	CCCD_Me,
	NamSinh_Me,
	SDT_Me,
	NgheNghiep_Me
)
values(
	'22520043',
	N'Nguyễn Nhật Tấn',
	N'Nam',
	'3/1/2008',
	N'Tày',
	N'Không',
	N'Bình Dương',
	N'Bình Dương',
	'0330000003',
	'nnt@gmail.com',
	N'Lê Thanh Tùng',
	'074000000003',
	1975,
	'0340000003',
	N'IT',
	N'Nguyễn Bích Phượng',
	'074100000003',
	1975,
	'0350000003',
	N'IT'
)

--4
insert into HOCSINH (
    MaHocSinh,
    HoTen,
	GioiTinh,
	NgaySinh,
	DanToc,
	TonGiao,
	QueQuan,
	DiaChi,
	SDT,
	Email,
	HoTenCha,
	CCCD_Cha,
	NamSinh_Cha,
	SDT_Cha,
	NgheNghiep_Cha,
	HoTenMe,
	CCCD_Me,
	NamSinh_Me,
	SDT_Me,
	NgheNghiep_Me
)
values(
	'22520044',
	N'Phạm Thị Diễm Quỳnh',
	N'Nữ',
	'4/1/2008',
	N'Kinh',
	N'Công giáo',
	N'Bình Dương',
	N'Bình Dương',
	'0330000004',
	'ptdq@gmail.com',
	N'Nguyễn Tuấn Huy',
	'074000000004',
	1975,
	'0340000004',
	N'IT',
	N'Nguyễn Cẩm Vân',
	'074100000004',
	1975,
	'0350000004',
	N'IT'
)

--5
insert into HOCSINH (
    MaHocSinh,
    HoTen,
	GioiTinh,
	NgaySinh,
	DanToc,
	TonGiao,
	QueQuan,
	DiaChi,
	SDT,
	Email,
	HoTenCha,
	CCCD_Cha,
	NamSinh_Cha,
	SDT_Cha,
	NgheNghiep_Cha,
	HoTenMe,
	CCCD_Me,
	NamSinh_Me,
	SDT_Me,
	NgheNghiep_Me
)
values(
	'22520045',
	N'Nguyễn Lê Bảo Phúc',
	N'Nam',
	'5/1/2008',
	N'Kinh',
	N'Không',
	N'Bình Dương',
	N'Bình Dương',
	'0330000005',
	'nlbp@gmail.com',
	N'Lê Minh Khôi',
	'074000000005',
	1975,
	'0340000005',
	N'IT',
	N'Lê Thị Bích Loan',
	'074100000005',
	1975,
	'0350000005',
	N'IT'
)

--6
insert into HOCSINH (
    MaHocSinh,
    HoTen,
	GioiTinh,
	NgaySinh,
	DanToc,
	TonGiao,
	QueQuan,
	DiaChi,
	SDT,
	Email,
	HoTenCha,
	CCCD_Cha,
	NamSinh_Cha,
	SDT_Cha,
	NgheNghiep_Cha,
	HoTenMe,
	CCCD_Me,
	NamSinh_Me,
	SDT_Me,
	NgheNghiep_Me
)
values(
	'22520046',
	N'Phạm Như Quỳnh',
	N'Nữ',
	'6/1/2008',
	N'Kinh',
	N'Không',
	N'Bình Dương',
	N'Bình Dương',
	'0330000006',
	'pnq@gmail.com',
	N'Hồ Mạnh Đạt',
	'074000000006',
	1975,
	'0340000006',
	N'IT',
	N'Vũ Thị Phương Linh',
	'074100000006',
	1975,
	'0350000006',
	N'IT'
)

--7
insert into HOCSINH (
    MaHocSinh,
    HoTen,
	GioiTinh,
	NgaySinh,
	DanToc,
	TonGiao,
	QueQuan,
	DiaChi,
	SDT,
	Email,
	HoTenCha,
	CCCD_Cha,
	NamSinh_Cha,
	SDT_Cha,
	NgheNghiep_Cha,
	HoTenMe,
	CCCD_Me,
	NamSinh_Me,
	SDT_Me,
	NgheNghiep_Me
)
values(
	'22520047',
	N'Nguyễn Hữu Hưng',
	N'Nam',
	'7/1/2008',
	N'Kinh',
	N'Không',
	N'Bình Dương',
	N'Bình Dương',
	'0330000007',
	'nhh@gmail.com',
	N'Nguyễn Đoàn Khắc Huy',
	'074000000007',
	1975,
	'0340000007',
	N'IT',
	N'Đoàn Thị Mỹ Linh',
	'074100000007',
	1975,
	'0350000007',
	N'IT'
)

--8
insert into HOCSINH (
    MaHocSinh,
    HoTen,
	GioiTinh,
	NgaySinh,
	DanToc,
	TonGiao,
	QueQuan,
	DiaChi,
	SDT,
	Email,
	HoTenCha,
	CCCD_Cha,
	NamSinh_Cha,
	SDT_Cha,
	NgheNghiep_Cha,
	HoTenMe,
	CCCD_Me,
	NamSinh_Me,
	SDT_Me,
	NgheNghiep_Me
)
values(
	'22520048',
	N'Đinh Vân Anh',
	N'Nữ',
	'8/1/2008',
	N'Kinh',
	N'Không',
	N'Bình Dương',
	N'Bình Dương',
	'0330000008',
	'dva@gmail.com',
	N'Biện Phước Quyền',
	'074000000008',
	1975,
	'0340000008',
	N'IT',
	N'Hồ Lê Vy',
	'074100000008',
	1975,
	'0350000008',
	N'IT'
)

--9
insert into HOCSINH (
    MaHocSinh,
    HoTen,
	GioiTinh,
	NgaySinh,
	DanToc,
	TonGiao,
	QueQuan,
	DiaChi,
	SDT,
	Email,
	HoTenCha,
	CCCD_Cha,
	NamSinh_Cha,
	SDT_Cha,
	NgheNghiep_Cha,
	HoTenMe,
	CCCD_Me,
	NamSinh_Me,
	SDT_Me,
	NgheNghiep_Me
)
values(
	'22520049',
	N'Nguyễn Trung Kiên',
	N'Nam',
	'9/1/2008',
	N'Kinh',
	N'Không',
	N'Bình Dương',
	N'Bình Dương',
	'0330000009',
	'ntk@gmail.com',
	N'Lê Minh Chánh',
	'074000000009',
	1975,
	'0340000009',
	N'IT',
	N'Trần Thị Kim Anh',
	'074100000009',
	1975,
	'0350000009',
	N'IT'
)

--10
insert into HOCSINH (
    MaHocSinh,
    HoTen,
	GioiTinh,
	NgaySinh,
	DanToc,
	TonGiao,
	QueQuan,
	DiaChi,
	SDT,
	Email,
	HoTenCha,
	CCCD_Cha,
	NamSinh_Cha,
	SDT_Cha,
	NgheNghiep_Cha,
	HoTenMe,
	CCCD_Me,
	NamSinh_Me,
	SDT_Me,
	NgheNghiep_Me
)
values(
	'22520050',
	N'Lê Thị Lệ Trúc',
	N'Nữ',
	'10/1/2008',
	N'Kinh',
	N'Không',
	N'Bình Dương',
	N'Bình Dương',
	'0330000010',
	'ltlt@gmail.com',
	N'Trần Minh Quang',
	'074000000010',
	1975,
	'0340000010',
	N'IT',
	N'Lê Thị Lan Nhi',
	'074100000010',
	1975,
	'0350000010',
	N'IT'
)

--CTLOP
insert into CTLOP (MaCTL, MaLop, MaHocSinh) values ('2210A122520041', '2210A1', '22520041')
insert into CTLOP (MaCTL, MaLop, MaHocSinh) values ('2210A222520042', '2210A2', '22520042')
insert into CTLOP (MaCTL, MaLop, MaHocSinh) values ('2210A322520043', '2210A3', '22520043')
insert into CTLOP (MaCTL, MaLop, MaHocSinh) values ('2210A422520044', '2210A4', '22520044')
insert into CTLOP (MaCTL, MaLop, MaHocSinh) values ('2211A122520045', '2211A1', '22520045')
insert into CTLOP (MaCTL, MaLop, MaHocSinh) values ('2211A222520046', '2211A2', '22520046')
insert into CTLOP (MaCTL, MaLop, MaHocSinh) values ('2211A322520047', '2211A3', '22520047')
insert into CTLOP (MaCTL, MaLop, MaHocSinh) values ('2212A122520048', '2212A1', '22520048')
insert into CTLOP (MaCTL, MaLop, MaHocSinh) values ('2212A222520049', '2212A2', '22520049')
insert into CTLOP (MaCTL, MaLop, MaHocSinh) values ('2210A122520050', '2210A1', '22520050')

--KETQUA_MONHOC_HOCSINH
insert into KETQUA_MONHOC_HOCSINH(MaKetQua, MaNamHoc, MaHocKy, MaMonHoc, MaHocSinh, DiemTB, MaXepLoai) values ('KQ221501','NH2223','1','AV10','22520041',null,null)
insert into DIEM(MaDiem, MaKetQua, MaThanhPhan, Diem) values ('D2215011','KQ221501','CK',3.0)
insert into DIEM(MaDiem, MaKetQua, MaThanhPhan, Diem) values ('D2215012','KQ221501','GK',5.5)
insert into DIEM(MaDiem, MaKetQua, MaThanhPhan, Diem) values ('D2215013','KQ221501','TX',6.0)

insert into KETQUA_MONHOC_HOCSINH(MaKetQua, MaNamHoc, MaHocKy, MaMonHoc, MaHocSinh, DiemTB, MaXepLoai) values ('KQ221502','NH2223','1','CN10','22520041',null,null)
insert into DIEM(MaDiem, MaKetQua, MaThanhPhan, Diem) values ('D2215021','KQ221502','CK',5.5)
insert into DIEM(MaDiem, MaKetQua, MaThanhPhan, Diem) values ('D2215022','KQ221502','GK',7.0)
insert into DIEM(MaDiem, MaKetQua, MaThanhPhan, Diem) values ('D2215023','KQ221502','TX',7.0)

insert into KETQUA_MONHOC_HOCSINH(MaKetQua, MaNamHoc, MaHocKy, MaMonHoc, MaHocSinh, DiemTB, MaXepLoai) values ('KQ221503','NH2223','1','DL10','22520041',null,null)
insert into DIEM(MaDiem, MaKetQua, MaThanhPhan, Diem) values ('D2215031','KQ221503','CK',3.5)
insert into DIEM(MaDiem, MaKetQua, MaThanhPhan, Diem) values ('D2215032','KQ221503','GK',5.0)
insert into DIEM(MaDiem, MaKetQua, MaThanhPhan, Diem) values ('D2215033','KQ221503','TX',3.0)

insert into KETQUA_MONHOC_HOCSINH(MaKetQua, MaNamHoc, MaHocKy, MaMonHoc, MaHocSinh, DiemTB, MaXepLoai) values ('KQ221504','NH2223','1','GD10','22520041',null,null)
insert into DIEM(MaDiem, MaKetQua, MaThanhPhan, Diem) values ('D2215041','KQ221504','CK',3.5)
insert into DIEM(MaDiem, MaKetQua, MaThanhPhan, Diem) values ('D2215042','KQ221504','GK',3.5)
insert into DIEM(MaDiem, MaKetQua, MaThanhPhan, Diem) values ('D2215043','KQ221504','TX',5.5)

insert into KETQUA_MONHOC_HOCSINH(MaKetQua, MaNamHoc, MaHocKy, MaMonHoc, MaHocSinh, DiemTB, MaXepLoai) values ('KQ221505','NH2223','1','HO10','22520041',null,null)
insert into DIEM(MaDiem, MaKetQua, MaThanhPhan, Diem) values ('D2215051','KQ221505','CK',5.0)
insert into DIEM(MaDiem, MaKetQua, MaThanhPhan, Diem) values ('D2215052','KQ221505','GK',3.5)
insert into DIEM(MaDiem, MaKetQua, MaThanhPhan, Diem) values ('D2215053','KQ221505','TX',4.5)

insert into KETQUA_MONHOC_HOCSINH(MaKetQua, MaNamHoc, MaHocKy, MaMonHoc, MaHocSinh, DiemTB, MaXepLoai) values ('KQ221506','NH2223','1','LS10','22520041',null,null)
insert into DIEM(MaDiem, MaKetQua, MaThanhPhan, Diem) values ('D2215061','KQ221506','CK',5.0)
insert into DIEM(MaDiem, MaKetQua, MaThanhPhan, Diem) values ('D2215062','KQ221506','GK',3.5)
insert into DIEM(MaDiem, MaKetQua, MaThanhPhan, Diem) values ('D2215063','KQ221506','TX',5.5)

insert into KETQUA_MONHOC_HOCSINH(MaKetQua, MaNamHoc, MaHocKy, MaMonHoc, MaHocSinh, DiemTB, MaXepLoai) values ('KQ221507','NH2223','1','NV10','22520041',null,null)
insert into DIEM(MaDiem, MaKetQua, MaThanhPhan, Diem) values ('D2215071','KQ221507','CK',5.0)
insert into DIEM(MaDiem, MaKetQua, MaThanhPhan, Diem) values ('D2215072','KQ221507','GK',7.0)
insert into DIEM(MaDiem, MaKetQua, MaThanhPhan, Diem) values ('D2215073','KQ221507','TX',6.5)

insert into KETQUA_MONHOC_HOCSINH(MaKetQua, MaNamHoc, MaHocKy, MaMonHoc, MaHocSinh, DiemTB, MaXepLoai) values ('KQ221508','NH2223','1','QP10','22520041',null,null)
insert into DIEM(MaDiem, MaKetQua, MaThanhPhan, Diem) values ('D2215081','KQ221508','CK',4.0)
insert into DIEM(MaDiem, MaKetQua, MaThanhPhan, Diem) values ('D2215082','KQ221508','GK',4.5)
insert into DIEM(MaDiem, MaKetQua, MaThanhPhan, Diem) values ('D2215083','KQ221508','TX',3.5)

insert into KETQUA_MONHOC_HOCSINH(MaKetQua, MaNamHoc, MaHocKy, MaMonHoc, MaHocSinh, DiemTB, MaXepLoai) values ('KQ221509','NH2223','1','SI10','22520041',null,null)
insert into DIEM(MaDiem, MaKetQua, MaThanhPhan, Diem) values ('D2215091','KQ221509','CK',7.0)
insert into DIEM(MaDiem, MaKetQua, MaThanhPhan, Diem) values ('D2215092','KQ221509','GK',6.5)
insert into DIEM(MaDiem, MaKetQua, MaThanhPhan, Diem) values ('D2215093','KQ221509','TX',4.0)

insert into KETQUA_MONHOC_HOCSINH(MaKetQua, MaNamHoc, MaHocKy, MaMonHoc, MaHocSinh, DiemTB, MaXepLoai) values ('KQ221510','NH2223','1','TD10','22520041',null,null)
insert into DIEM(MaDiem, MaKetQua, MaThanhPhan, Diem) values ('D2215101','KQ221510','CK',3.5)
insert into DIEM(MaDiem, MaKetQua, MaThanhPhan, Diem) values ('D2215102','KQ221510','GK',3.0)
insert into DIEM(MaDiem, MaKetQua, MaThanhPhan, Diem) values ('D2215103','KQ221510','TX',4.5)

insert into KETQUA_MONHOC_HOCSINH(MaKetQua, MaNamHoc, MaHocKy, MaMonHoc, MaHocSinh, DiemTB, MaXepLoai) values ('KQ221511','NH2223','1','TI10','22520041',null,null)
insert into DIEM(MaDiem, MaKetQua, MaThanhPhan, Diem) values ('D2215111','KQ221511','CK',6.0)
insert into DIEM(MaDiem, MaKetQua, MaThanhPhan, Diem) values ('D2215112','KQ221511','GK',6.5)
insert into DIEM(MaDiem, MaKetQua, MaThanhPhan, Diem) values ('D2215113','KQ221511','TX',4.0)

insert into KETQUA_MONHOC_HOCSINH(MaKetQua, MaNamHoc, MaHocKy, MaMonHoc, MaHocSinh, DiemTB, MaXepLoai) values ('KQ221512','NH2223','1','TO10','22520041',null,null)
insert into DIEM(MaDiem, MaKetQua, MaThanhPhan, Diem) values ('D2215121','KQ221512','CK',4.5)
insert into DIEM(MaDiem, MaKetQua, MaThanhPhan, Diem) values ('D2215122','KQ221512','GK',5.0)
insert into DIEM(MaDiem, MaKetQua, MaThanhPhan, Diem) values ('D2215123','KQ221512','TX',6.0)

insert into KETQUA_MONHOC_HOCSINH(MaKetQua, MaNamHoc, MaHocKy, MaMonHoc, MaHocSinh, DiemTB, MaXepLoai) values ('KQ221513','NH2223','1','VL10','22520041',null,null)
insert into DIEM(MaDiem, MaKetQua, MaThanhPhan, Diem) values ('D2215131','KQ221513','CK',6.0)
insert into DIEM(MaDiem, MaKetQua, MaThanhPhan, Diem) values ('D2215132','KQ221513','GK',6.5)
insert into DIEM(MaDiem, MaKetQua, MaThanhPhan, Diem) values ('D2215133','KQ221513','TX',6.5)

insert into KETQUA_MONHOC_HOCSINH(MaKetQua, MaNamHoc, MaHocKy, MaMonHoc, MaHocSinh, DiemTB, MaXepLoai) values ('KQ221514','NH2223','2','AV10','22520041',null,null)
insert into DIEM(MaDiem, MaKetQua, MaThanhPhan, Diem) values ('D2215141','KQ221514','CK',6.0)
insert into DIEM(MaDiem, MaKetQua, MaThanhPhan, Diem) values ('D2215142','KQ221514','GK',5.5)
insert into DIEM(MaDiem, MaKetQua, MaThanhPhan, Diem) values ('D2215143','KQ221514','TX',4.0)

insert into KETQUA_MONHOC_HOCSINH(MaKetQua, MaNamHoc, MaHocKy, MaMonHoc, MaHocSinh, DiemTB, MaXepLoai) values ('KQ221515','NH2223','2','CN10','22520041',null,null)
insert into DIEM(MaDiem, MaKetQua, MaThanhPhan, Diem) values ('D2215151','KQ221515','CK',3.0)
insert into DIEM(MaDiem, MaKetQua, MaThanhPhan, Diem) values ('D2215152','KQ221515','GK',5.5)
insert into DIEM(MaDiem, MaKetQua, MaThanhPhan, Diem) values ('D2215153','KQ221515','TX',4.5)

insert into KETQUA_MONHOC_HOCSINH(MaKetQua, MaNamHoc, MaHocKy, MaMonHoc, MaHocSinh, DiemTB, MaXepLoai) values ('KQ221516','NH2223','2','DL10','22520041',null,null)
insert into DIEM(MaDiem, MaKetQua, MaThanhPhan, Diem) values ('D2215161','KQ221516','CK',3.0)
insert into DIEM(MaDiem, MaKetQua, MaThanhPhan, Diem) values ('D2215162','KQ221516','GK',4.0)
insert into DIEM(MaDiem, MaKetQua, MaThanhPhan, Diem) values ('D2215163','KQ221516','TX',4.0)

insert into KETQUA_MONHOC_HOCSINH(MaKetQua, MaNamHoc, MaHocKy, MaMonHoc, MaHocSinh, DiemTB, MaXepLoai) values ('KQ221517','NH2223','2','GD10','22520041',null,null)
insert into DIEM(MaDiem, MaKetQua, MaThanhPhan, Diem) values ('D2215171','KQ221517','CK',6.0)
insert into DIEM(MaDiem, MaKetQua, MaThanhPhan, Diem) values ('D2215172','KQ221517','GK',4.0)
insert into DIEM(MaDiem, MaKetQua, MaThanhPhan, Diem) values ('D2215173','KQ221517','TX',5.5)

insert into KETQUA_MONHOC_HOCSINH(MaKetQua, MaNamHoc, MaHocKy, MaMonHoc, MaHocSinh, DiemTB, MaXepLoai) values ('KQ221518','NH2223','2','HO10','22520041',null,null)
insert into DIEM(MaDiem, MaKetQua, MaThanhPhan, Diem) values ('D2215181','KQ221518','CK',4.0)
insert into DIEM(MaDiem, MaKetQua, MaThanhPhan, Diem) values ('D2215182','KQ221518','GK',6.5)
insert into DIEM(MaDiem, MaKetQua, MaThanhPhan, Diem) values ('D2215183','KQ221518','TX',5.0)

insert into KETQUA_MONHOC_HOCSINH(MaKetQua, MaNamHoc, MaHocKy, MaMonHoc, MaHocSinh, DiemTB, MaXepLoai) values ('KQ221519','NH2223','2','LS10','22520041',null,null)
insert into DIEM(MaDiem, MaKetQua, MaThanhPhan, Diem) values ('D2215191','KQ221519','CK',4.5)
insert into DIEM(MaDiem, MaKetQua, MaThanhPhan, Diem) values ('D2215192','KQ221519','GK',3.5)
insert into DIEM(MaDiem, MaKetQua, MaThanhPhan, Diem) values ('D2215193','KQ221519','TX',5.0)

insert into KETQUA_MONHOC_HOCSINH(MaKetQua, MaNamHoc, MaHocKy, MaMonHoc, MaHocSinh, DiemTB, MaXepLoai) values ('KQ221520','NH2223','2','NV10','22520041',null,null)
insert into DIEM(MaDiem, MaKetQua, MaThanhPhan, Diem) values ('D2215201','KQ221520','CK',7.0)
insert into DIEM(MaDiem, MaKetQua, MaThanhPhan, Diem) values ('D2215202','KQ221520','GK',4.5)
insert into DIEM(MaDiem, MaKetQua, MaThanhPhan, Diem) values ('D2215203','KQ221520','TX',5.5)

insert into KETQUA_MONHOC_HOCSINH(MaKetQua, MaNamHoc, MaHocKy, MaMonHoc, MaHocSinh, DiemTB, MaXepLoai) values ('KQ221521','NH2223','2','QP10','22520041',null,null)
insert into DIEM(MaDiem, MaKetQua, MaThanhPhan, Diem) values ('D2215211','KQ221521','CK',3.5)
insert into DIEM(MaDiem, MaKetQua, MaThanhPhan, Diem) values ('D2215212','KQ221521','GK',3.0)
insert into DIEM(MaDiem, MaKetQua, MaThanhPhan, Diem) values ('D2215213','KQ221521','TX',5.5)

insert into KETQUA_MONHOC_HOCSINH(MaKetQua, MaNamHoc, MaHocKy, MaMonHoc, MaHocSinh, DiemTB, MaXepLoai) values ('KQ221522','NH2223','2','SI10','22520041',null,null)
insert into DIEM(MaDiem, MaKetQua, MaThanhPhan, Diem) values ('D2215221','KQ221522','CK',6.0)
insert into DIEM(MaDiem, MaKetQua, MaThanhPhan, Diem) values ('D2215222','KQ221522','GK',5.5)
insert into DIEM(MaDiem, MaKetQua, MaThanhPhan, Diem) values ('D2215223','KQ221522','TX',3.5)

insert into KETQUA_MONHOC_HOCSINH(MaKetQua, MaNamHoc, MaHocKy, MaMonHoc, MaHocSinh, DiemTB, MaXepLoai) values ('KQ221523','NH2223','2','TD10','22520041',null,null)
insert into DIEM(MaDiem, MaKetQua, MaThanhPhan, Diem) values ('D2215231','KQ221523','CK',3.0)
insert into DIEM(MaDiem, MaKetQua, MaThanhPhan, Diem) values ('D2215232','KQ221523','GK',5.0)
insert into DIEM(MaDiem, MaKetQua, MaThanhPhan, Diem) values ('D2215233','KQ221523','TX',4.5)

insert into KETQUA_MONHOC_HOCSINH(MaKetQua, MaNamHoc, MaHocKy, MaMonHoc, MaHocSinh, DiemTB, MaXepLoai) values ('KQ221524','NH2223','2','TI10','22520041',null,null)
insert into DIEM(MaDiem, MaKetQua, MaThanhPhan, Diem) values ('D2215241','KQ221524','CK',3.5)
insert into DIEM(MaDiem, MaKetQua, MaThanhPhan, Diem) values ('D2215242','KQ221524','GK',5.5)
insert into DIEM(MaDiem, MaKetQua, MaThanhPhan, Diem) values ('D2215243','KQ221524','TX',6.0)

insert into KETQUA_MONHOC_HOCSINH(MaKetQua, MaNamHoc, MaHocKy, MaMonHoc, MaHocSinh, DiemTB, MaXepLoai) values ('KQ221525','NH2223','2','TO10','22520041',null,null)
insert into DIEM(MaDiem, MaKetQua, MaThanhPhan, Diem) values ('D2215251','KQ221525','CK',4.0)
insert into DIEM(MaDiem, MaKetQua, MaThanhPhan, Diem) values ('D2215252','KQ221525','GK',5.0)
insert into DIEM(MaDiem, MaKetQua, MaThanhPhan, Diem) values ('D2215253','KQ221525','TX',4.0)

insert into KETQUA_MONHOC_HOCSINH(MaKetQua, MaNamHoc, MaHocKy, MaMonHoc, MaHocSinh, DiemTB, MaXepLoai) values ('KQ221526','NH2223','2','VL10','22520041',null,null)
insert into DIEM(MaDiem, MaKetQua, MaThanhPhan, Diem) values ('D2215261','KQ221526','CK',6.0)
insert into DIEM(MaDiem, MaKetQua, MaThanhPhan, Diem) values ('D2215262','KQ221526','GK',6.0)
insert into DIEM(MaDiem, MaKetQua, MaThanhPhan, Diem) values ('D2215263','KQ221526','TX',3.5)

insert into KETQUA_MONHOC_HOCSINH(MaKetQua, MaNamHoc, MaHocKy, MaMonHoc, MaHocSinh, DiemTB, MaXepLoai) values ('KQ221527','NH2223','1','AV10','22520042',null,null)
insert into DIEM(MaDiem, MaKetQua, MaThanhPhan, Diem) values ('D2215271','KQ221527','CK',8.5)
insert into DIEM(MaDiem, MaKetQua, MaThanhPhan, Diem) values ('D2215272','KQ221527','GK',8.0)
insert into DIEM(MaDiem, MaKetQua, MaThanhPhan, Diem) values ('D2215273','KQ221527','TX',6.0)

insert into KETQUA_MONHOC_HOCSINH(MaKetQua, MaNamHoc, MaHocKy, MaMonHoc, MaHocSinh, DiemTB, MaXepLoai) values ('KQ221528','NH2223','1','CN10','22520042',null,null)
insert into DIEM(MaDiem, MaKetQua, MaThanhPhan, Diem) values ('D2215281','KQ221528','CK',6.0)
insert into DIEM(MaDiem, MaKetQua, MaThanhPhan, Diem) values ('D2215282','KQ221528','GK',5.0)
insert into DIEM(MaDiem, MaKetQua, MaThanhPhan, Diem) values ('D2215283','KQ221528','TX',9.0)

insert into KETQUA_MONHOC_HOCSINH(MaKetQua, MaNamHoc, MaHocKy, MaMonHoc, MaHocSinh, DiemTB, MaXepLoai) values ('KQ221529','NH2223','1','DL10','22520042',null,null)
insert into DIEM(MaDiem, MaKetQua, MaThanhPhan, Diem) values ('D2215291','KQ221529','CK',5.0)
insert into DIEM(MaDiem, MaKetQua, MaThanhPhan, Diem) values ('D2215292','KQ221529','GK',5.0)
insert into DIEM(MaDiem, MaKetQua, MaThanhPhan, Diem) values ('D2215293','KQ221529','TX',8.5)

insert into KETQUA_MONHOC_HOCSINH(MaKetQua, MaNamHoc, MaHocKy, MaMonHoc, MaHocSinh, DiemTB, MaXepLoai) values ('KQ221530','NH2223','1','GD10','22520042',null,null)
insert into DIEM(MaDiem, MaKetQua, MaThanhPhan, Diem) values ('D2215301','KQ221530','CK',8.5)
insert into DIEM(MaDiem, MaKetQua, MaThanhPhan, Diem) values ('D2215302','KQ221530','GK',6.0)
insert into DIEM(MaDiem, MaKetQua, MaThanhPhan, Diem) values ('D2215303','KQ221530','TX',9.0)

insert into KETQUA_MONHOC_HOCSINH(MaKetQua, MaNamHoc, MaHocKy, MaMonHoc, MaHocSinh, DiemTB, MaXepLoai) values ('KQ221531','NH2223','1','HO10','22520042',null,null)
insert into DIEM(MaDiem, MaKetQua, MaThanhPhan, Diem) values ('D2215311','KQ221531','CK',8.5)
insert into DIEM(MaDiem, MaKetQua, MaThanhPhan, Diem) values ('D2215312','KQ221531','GK',6.5)
insert into DIEM(MaDiem, MaKetQua, MaThanhPhan, Diem) values ('D2215313','KQ221531','TX',9.0)

insert into KETQUA_MONHOC_HOCSINH(MaKetQua, MaNamHoc, MaHocKy, MaMonHoc, MaHocSinh, DiemTB, MaXepLoai) values ('KQ221532','NH2223','1','LS10','22520042',null,null)
insert into DIEM(MaDiem, MaKetQua, MaThanhPhan, Diem) values ('D2215321','KQ221532','CK',8.0)
insert into DIEM(MaDiem, MaKetQua, MaThanhPhan, Diem) values ('D2215322','KQ221532','GK',5.5)
insert into DIEM(MaDiem, MaKetQua, MaThanhPhan, Diem) values ('D2215323','KQ221532','TX',6.5)

insert into KETQUA_MONHOC_HOCSINH(MaKetQua, MaNamHoc, MaHocKy, MaMonHoc, MaHocSinh, DiemTB, MaXepLoai) values ('KQ221533','NH2223','1','NV10','22520042',null,null)
insert into DIEM(MaDiem, MaKetQua, MaThanhPhan, Diem) values ('D2215331','KQ221533','CK',9.0)
insert into DIEM(MaDiem, MaKetQua, MaThanhPhan, Diem) values ('D2215332','KQ221533','GK',8.5)
insert into DIEM(MaDiem, MaKetQua, MaThanhPhan, Diem) values ('D2215333','KQ221533','TX',5.0)

insert into KETQUA_MONHOC_HOCSINH(MaKetQua, MaNamHoc, MaHocKy, MaMonHoc, MaHocSinh, DiemTB, MaXepLoai) values ('KQ221534','NH2223','1','QP10','22520042',null,null)
insert into DIEM(MaDiem, MaKetQua, MaThanhPhan, Diem) values ('D2215341','KQ221534','CK',6.0)
insert into DIEM(MaDiem, MaKetQua, MaThanhPhan, Diem) values ('D2215342','KQ221534','GK',6.0)
insert into DIEM(MaDiem, MaKetQua, MaThanhPhan, Diem) values ('D2215343','KQ221534','TX',8.0)

insert into KETQUA_MONHOC_HOCSINH(MaKetQua, MaNamHoc, MaHocKy, MaMonHoc, MaHocSinh, DiemTB, MaXepLoai) values ('KQ221535','NH2223','1','SI10','22520042',null,null)
insert into DIEM(MaDiem, MaKetQua, MaThanhPhan, Diem) values ('D2215351','KQ221535','CK',5.0)
insert into DIEM(MaDiem, MaKetQua, MaThanhPhan, Diem) values ('D2215352','KQ221535','GK',8.5)
insert into DIEM(MaDiem, MaKetQua, MaThanhPhan, Diem) values ('D2215353','KQ221535','TX',9.0)

insert into KETQUA_MONHOC_HOCSINH(MaKetQua, MaNamHoc, MaHocKy, MaMonHoc, MaHocSinh, DiemTB, MaXepLoai) values ('KQ221536','NH2223','1','TD10','22520042',null,null)
insert into DIEM(MaDiem, MaKetQua, MaThanhPhan, Diem) values ('D2215361','KQ221536','CK',6.0)
insert into DIEM(MaDiem, MaKetQua, MaThanhPhan, Diem) values ('D2215362','KQ221536','GK',7.5)
insert into DIEM(MaDiem, MaKetQua, MaThanhPhan, Diem) values ('D2215363','KQ221536','TX',8.0)

insert into KETQUA_MONHOC_HOCSINH(MaKetQua, MaNamHoc, MaHocKy, MaMonHoc, MaHocSinh, DiemTB, MaXepLoai) values ('KQ221537','NH2223','1','TI10','22520042',null,null)
insert into DIEM(MaDiem, MaKetQua, MaThanhPhan, Diem) values ('D2215371','KQ221537','CK',6.5)
insert into DIEM(MaDiem, MaKetQua, MaThanhPhan, Diem) values ('D2215372','KQ221537','GK',7.0)
insert into DIEM(MaDiem, MaKetQua, MaThanhPhan, Diem) values ('D2215373','KQ221537','TX',7.0)

insert into KETQUA_MONHOC_HOCSINH(MaKetQua, MaNamHoc, MaHocKy, MaMonHoc, MaHocSinh, DiemTB, MaXepLoai) values ('KQ221538','NH2223','1','TO10','22520042',null,null)
insert into DIEM(MaDiem, MaKetQua, MaThanhPhan, Diem) values ('D2215381','KQ221538','CK',6.5)
insert into DIEM(MaDiem, MaKetQua, MaThanhPhan, Diem) values ('D2215382','KQ221538','GK',7.0)
insert into DIEM(MaDiem, MaKetQua, MaThanhPhan, Diem) values ('D2215383','KQ221538','TX',6.5)

insert into KETQUA_MONHOC_HOCSINH(MaKetQua, MaNamHoc, MaHocKy, MaMonHoc, MaHocSinh, DiemTB, MaXepLoai) values ('KQ221539','NH2223','1','VL10','22520042',null,null)
insert into DIEM(MaDiem, MaKetQua, MaThanhPhan, Diem) values ('D2215391','KQ221539','CK',6.5)
insert into DIEM(MaDiem, MaKetQua, MaThanhPhan, Diem) values ('D2215392','KQ221539','GK',9.0)
insert into DIEM(MaDiem, MaKetQua, MaThanhPhan, Diem) values ('D2215393','KQ221539','TX',7.5)

insert into KETQUA_MONHOC_HOCSINH(MaKetQua, MaNamHoc, MaHocKy, MaMonHoc, MaHocSinh, DiemTB, MaXepLoai) values ('KQ221540','NH2223','2','AV10','22520042',null,null)
insert into DIEM(MaDiem, MaKetQua, MaThanhPhan, Diem) values ('D2215401','KQ221540','CK',5.0)
insert into DIEM(MaDiem, MaKetQua, MaThanhPhan, Diem) values ('D2215402','KQ221540','GK',6.0)
insert into DIEM(MaDiem, MaKetQua, MaThanhPhan, Diem) values ('D2215403','KQ221540','TX',7.5)

insert into KETQUA_MONHOC_HOCSINH(MaKetQua, MaNamHoc, MaHocKy, MaMonHoc, MaHocSinh, DiemTB, MaXepLoai) values ('KQ221541','NH2223','2','CN10','22520042',null,null)
insert into DIEM(MaDiem, MaKetQua, MaThanhPhan, Diem) values ('D2215411','KQ221541','CK',6.5)
insert into DIEM(MaDiem, MaKetQua, MaThanhPhan, Diem) values ('D2215412','KQ221541','GK',5.5)
insert into DIEM(MaDiem, MaKetQua, MaThanhPhan, Diem) values ('D2215413','KQ221541','TX',5.0)

insert into KETQUA_MONHOC_HOCSINH(MaKetQua, MaNamHoc, MaHocKy, MaMonHoc, MaHocSinh, DiemTB, MaXepLoai) values ('KQ221542','NH2223','2','DL10','22520042',null,null)
insert into DIEM(MaDiem, MaKetQua, MaThanhPhan, Diem) values ('D2215421','KQ221542','CK',5.5)
insert into DIEM(MaDiem, MaKetQua, MaThanhPhan, Diem) values ('D2215422','KQ221542','GK',9.0)
insert into DIEM(MaDiem, MaKetQua, MaThanhPhan, Diem) values ('D2215423','KQ221542','TX',5.0)

insert into KETQUA_MONHOC_HOCSINH(MaKetQua, MaNamHoc, MaHocKy, MaMonHoc, MaHocSinh, DiemTB, MaXepLoai) values ('KQ221543','NH2223','2','GD10','22520042',null,null)
insert into DIEM(MaDiem, MaKetQua, MaThanhPhan, Diem) values ('D2215431','KQ221543','CK',5.0)
insert into DIEM(MaDiem, MaKetQua, MaThanhPhan, Diem) values ('D2215432','KQ221543','GK',6.5)
insert into DIEM(MaDiem, MaKetQua, MaThanhPhan, Diem) values ('D2215433','KQ221543','TX',8.0)

insert into KETQUA_MONHOC_HOCSINH(MaKetQua, MaNamHoc, MaHocKy, MaMonHoc, MaHocSinh, DiemTB, MaXepLoai) values ('KQ221544','NH2223','2','HO10','22520042',null,null)
insert into DIEM(MaDiem, MaKetQua, MaThanhPhan, Diem) values ('D2215441','KQ221544','CK',9.0)
insert into DIEM(MaDiem, MaKetQua, MaThanhPhan, Diem) values ('D2215442','KQ221544','GK',6.5)
insert into DIEM(MaDiem, MaKetQua, MaThanhPhan, Diem) values ('D2215443','KQ221544','TX',6.0)

insert into KETQUA_MONHOC_HOCSINH(MaKetQua, MaNamHoc, MaHocKy, MaMonHoc, MaHocSinh, DiemTB, MaXepLoai) values ('KQ221545','NH2223','2','LS10','22520042',null,null)
insert into DIEM(MaDiem, MaKetQua, MaThanhPhan, Diem) values ('D2215451','KQ221545','CK',7.0)
insert into DIEM(MaDiem, MaKetQua, MaThanhPhan, Diem) values ('D2215452','KQ221545','GK',6.0)
insert into DIEM(MaDiem, MaKetQua, MaThanhPhan, Diem) values ('D2215453','KQ221545','TX',5.5)

insert into KETQUA_MONHOC_HOCSINH(MaKetQua, MaNamHoc, MaHocKy, MaMonHoc, MaHocSinh, DiemTB, MaXepLoai) values ('KQ221546','NH2223','2','NV10','22520042',null,null)
insert into DIEM(MaDiem, MaKetQua, MaThanhPhan, Diem) values ('D2215461','KQ221546','CK',7.5)
insert into DIEM(MaDiem, MaKetQua, MaThanhPhan, Diem) values ('D2215462','KQ221546','GK',5.5)
insert into DIEM(MaDiem, MaKetQua, MaThanhPhan, Diem) values ('D2215463','KQ221546','TX',8.0)

insert into KETQUA_MONHOC_HOCSINH(MaKetQua, MaNamHoc, MaHocKy, MaMonHoc, MaHocSinh, DiemTB, MaXepLoai) values ('KQ221547','NH2223','2','QP10','22520042',null,null)
insert into DIEM(MaDiem, MaKetQua, MaThanhPhan, Diem) values ('D2215471','KQ221547','CK',7.0)
insert into DIEM(MaDiem, MaKetQua, MaThanhPhan, Diem) values ('D2215472','KQ221547','GK',6.0)
insert into DIEM(MaDiem, MaKetQua, MaThanhPhan, Diem) values ('D2215473','KQ221547','TX',7.0)

insert into KETQUA_MONHOC_HOCSINH(MaKetQua, MaNamHoc, MaHocKy, MaMonHoc, MaHocSinh, DiemTB, MaXepLoai) values ('KQ221548','NH2223','2','SI10','22520042',null,null)
insert into DIEM(MaDiem, MaKetQua, MaThanhPhan, Diem) values ('D2215481','KQ221548','CK',7.0)
insert into DIEM(MaDiem, MaKetQua, MaThanhPhan, Diem) values ('D2215482','KQ221548','GK',8.0)
insert into DIEM(MaDiem, MaKetQua, MaThanhPhan, Diem) values ('D2215483','KQ221548','TX',5.0)

insert into KETQUA_MONHOC_HOCSINH(MaKetQua, MaNamHoc, MaHocKy, MaMonHoc, MaHocSinh, DiemTB, MaXepLoai) values ('KQ221549','NH2223','2','TD10','22520042',null,null)
insert into DIEM(MaDiem, MaKetQua, MaThanhPhan, Diem) values ('D2215491','KQ221549','CK',5.0)
insert into DIEM(MaDiem, MaKetQua, MaThanhPhan, Diem) values ('D2215492','KQ221549','GK',5.0)
insert into DIEM(MaDiem, MaKetQua, MaThanhPhan, Diem) values ('D2215493','KQ221549','TX',9.0)

insert into KETQUA_MONHOC_HOCSINH(MaKetQua, MaNamHoc, MaHocKy, MaMonHoc, MaHocSinh, DiemTB, MaXepLoai) values ('KQ221550','NH2223','2','TI10','22520042',null,null)
insert into DIEM(MaDiem, MaKetQua, MaThanhPhan, Diem) values ('D2215501','KQ221550','CK',7.5)
insert into DIEM(MaDiem, MaKetQua, MaThanhPhan, Diem) values ('D2215502','KQ221550','GK',5.5)
insert into DIEM(MaDiem, MaKetQua, MaThanhPhan, Diem) values ('D2215503','KQ221550','TX',7.5)

insert into KETQUA_MONHOC_HOCSINH(MaKetQua, MaNamHoc, MaHocKy, MaMonHoc, MaHocSinh, DiemTB, MaXepLoai) values ('KQ221551','NH2223','2','TO10','22520042',null,null)
insert into DIEM(MaDiem, MaKetQua, MaThanhPhan, Diem) values ('D2215511','KQ221551','CK',5.0)
insert into DIEM(MaDiem, MaKetQua, MaThanhPhan, Diem) values ('D2215512','KQ221551','GK',8.0)
insert into DIEM(MaDiem, MaKetQua, MaThanhPhan, Diem) values ('D2215513','KQ221551','TX',7.5)

insert into KETQUA_MONHOC_HOCSINH(MaKetQua, MaNamHoc, MaHocKy, MaMonHoc, MaHocSinh, DiemTB, MaXepLoai) values ('KQ221552','NH2223','2','VL10','22520042',null,null)
insert into DIEM(MaDiem, MaKetQua, MaThanhPhan, Diem) values ('D2215521','KQ221552','CK',7.5)
insert into DIEM(MaDiem, MaKetQua, MaThanhPhan, Diem) values ('D2215522','KQ221552','GK',8.0)
insert into DIEM(MaDiem, MaKetQua, MaThanhPhan, Diem) values ('D2215523','KQ221552','TX',7.5)

insert into KETQUA_MONHOC_HOCSINH(MaKetQua, MaNamHoc, MaHocKy, MaMonHoc, MaHocSinh, DiemTB, MaXepLoai) values ('KQ221553','NH2223','1','AV10','22520043',null,null)
insert into DIEM(MaDiem, MaKetQua, MaThanhPhan, Diem) values ('D2215531','KQ221553','CK',3.0)
insert into DIEM(MaDiem, MaKetQua, MaThanhPhan, Diem) values ('D2215532','KQ221553','GK',2.0)
insert into DIEM(MaDiem, MaKetQua, MaThanhPhan, Diem) values ('D2215533','KQ221553','TX',2.5)

insert into KETQUA_MONHOC_HOCSINH(MaKetQua, MaNamHoc, MaHocKy, MaMonHoc, MaHocSinh, DiemTB, MaXepLoai) values ('KQ221554','NH2223','1','CN10','22520043',null,null)
insert into DIEM(MaDiem, MaKetQua, MaThanhPhan, Diem) values ('D2215541','KQ221554','CK',3.5)
insert into DIEM(MaDiem, MaKetQua, MaThanhPhan, Diem) values ('D2215542','KQ221554','GK',3.5)
insert into DIEM(MaDiem, MaKetQua, MaThanhPhan, Diem) values ('D2215543','KQ221554','TX',1.5)

insert into KETQUA_MONHOC_HOCSINH(MaKetQua, MaNamHoc, MaHocKy, MaMonHoc, MaHocSinh, DiemTB, MaXepLoai) values ('KQ221555','NH2223','1','DL10','22520043',null,null)
insert into DIEM(MaDiem, MaKetQua, MaThanhPhan, Diem) values ('D2215551','KQ221555','CK',2.5)
insert into DIEM(MaDiem, MaKetQua, MaThanhPhan, Diem) values ('D2215552','KQ221555','GK',2.5)
insert into DIEM(MaDiem, MaKetQua, MaThanhPhan, Diem) values ('D2215553','KQ221555','TX',1.0)

insert into KETQUA_MONHOC_HOCSINH(MaKetQua, MaNamHoc, MaHocKy, MaMonHoc, MaHocSinh, DiemTB, MaXepLoai) values ('KQ221556','NH2223','1','GD10','22520043',null,null)
insert into DIEM(MaDiem, MaKetQua, MaThanhPhan, Diem) values ('D2215561','KQ221556','CK',1.5)
insert into DIEM(MaDiem, MaKetQua, MaThanhPhan, Diem) values ('D2215562','KQ221556','GK',3.5)
insert into DIEM(MaDiem, MaKetQua, MaThanhPhan, Diem) values ('D2215563','KQ221556','TX',1.5)

insert into KETQUA_MONHOC_HOCSINH(MaKetQua, MaNamHoc, MaHocKy, MaMonHoc, MaHocSinh, DiemTB, MaXepLoai) values ('KQ221557','NH2223','1','HO10','22520043',null,null)
insert into DIEM(MaDiem, MaKetQua, MaThanhPhan, Diem) values ('D2215571','KQ221557','CK',1.5)
insert into DIEM(MaDiem, MaKetQua, MaThanhPhan, Diem) values ('D2215572','KQ221557','GK',1.5)
insert into DIEM(MaDiem, MaKetQua, MaThanhPhan, Diem) values ('D2215573','KQ221557','TX',1.5)

insert into KETQUA_MONHOC_HOCSINH(MaKetQua, MaNamHoc, MaHocKy, MaMonHoc, MaHocSinh, DiemTB, MaXepLoai) values ('KQ221558','NH2223','1','LS10','22520043',null,null)
insert into DIEM(MaDiem, MaKetQua, MaThanhPhan, Diem) values ('D2215581','KQ221558','CK',1.5)
insert into DIEM(MaDiem, MaKetQua, MaThanhPhan, Diem) values ('D2215582','KQ221558','GK',3.5)
insert into DIEM(MaDiem, MaKetQua, MaThanhPhan, Diem) values ('D2215583','KQ221558','TX',2.0)

insert into KETQUA_MONHOC_HOCSINH(MaKetQua, MaNamHoc, MaHocKy, MaMonHoc, MaHocSinh, DiemTB, MaXepLoai) values ('KQ221559','NH2223','1','NV10','22520043',null,null)
insert into DIEM(MaDiem, MaKetQua, MaThanhPhan, Diem) values ('D2215591','KQ221559','CK',2.5)
insert into DIEM(MaDiem, MaKetQua, MaThanhPhan, Diem) values ('D2215592','KQ221559','GK',2.0)
insert into DIEM(MaDiem, MaKetQua, MaThanhPhan, Diem) values ('D2215593','KQ221559','TX',3.0)

insert into KETQUA_MONHOC_HOCSINH(MaKetQua, MaNamHoc, MaHocKy, MaMonHoc, MaHocSinh, DiemTB, MaXepLoai) values ('KQ221560','NH2223','1','QP10','22520043',null,null)
insert into DIEM(MaDiem, MaKetQua, MaThanhPhan, Diem) values ('D2215601','KQ221560','CK',2.5)
insert into DIEM(MaDiem, MaKetQua, MaThanhPhan, Diem) values ('D2215602','KQ221560','GK',3.5)
insert into DIEM(MaDiem, MaKetQua, MaThanhPhan, Diem) values ('D2215603','KQ221560','TX',1.0)

insert into KETQUA_MONHOC_HOCSINH(MaKetQua, MaNamHoc, MaHocKy, MaMonHoc, MaHocSinh, DiemTB, MaXepLoai) values ('KQ221561','NH2223','1','SI10','22520043',null,null)
insert into DIEM(MaDiem, MaKetQua, MaThanhPhan, Diem) values ('D2215611','KQ221561','CK',3.0)
insert into DIEM(MaDiem, MaKetQua, MaThanhPhan, Diem) values ('D2215612','KQ221561','GK',1.0)
insert into DIEM(MaDiem, MaKetQua, MaThanhPhan, Diem) values ('D2215613','KQ221561','TX',1.0)

insert into KETQUA_MONHOC_HOCSINH(MaKetQua, MaNamHoc, MaHocKy, MaMonHoc, MaHocSinh, DiemTB, MaXepLoai) values ('KQ221562','NH2223','1','TD10','22520043',null,null)
insert into DIEM(MaDiem, MaKetQua, MaThanhPhan, Diem) values ('D2215621','KQ221562','CK',3.0)
insert into DIEM(MaDiem, MaKetQua, MaThanhPhan, Diem) values ('D2215622','KQ221562','GK',1.0)
insert into DIEM(MaDiem, MaKetQua, MaThanhPhan, Diem) values ('D2215623','KQ221562','TX',3.5)

insert into KETQUA_MONHOC_HOCSINH(MaKetQua, MaNamHoc, MaHocKy, MaMonHoc, MaHocSinh, DiemTB, MaXepLoai) values ('KQ221563','NH2223','1','TI10','22520043',null,null)
insert into DIEM(MaDiem, MaKetQua, MaThanhPhan, Diem) values ('D2215631','KQ221563','CK',2.0)
insert into DIEM(MaDiem, MaKetQua, MaThanhPhan, Diem) values ('D2215632','KQ221563','GK',1.0)
insert into DIEM(MaDiem, MaKetQua, MaThanhPhan, Diem) values ('D2215633','KQ221563','TX',2.0)

insert into KETQUA_MONHOC_HOCSINH(MaKetQua, MaNamHoc, MaHocKy, MaMonHoc, MaHocSinh, DiemTB, MaXepLoai) values ('KQ221564','NH2223','1','TO10','22520043',null,null)
insert into DIEM(MaDiem, MaKetQua, MaThanhPhan, Diem) values ('D2215641','KQ221564','CK',2.5)
insert into DIEM(MaDiem, MaKetQua, MaThanhPhan, Diem) values ('D2215642','KQ221564','GK',3.5)
insert into DIEM(MaDiem, MaKetQua, MaThanhPhan, Diem) values ('D2215643','KQ221564','TX',3.0)

insert into KETQUA_MONHOC_HOCSINH(MaKetQua, MaNamHoc, MaHocKy, MaMonHoc, MaHocSinh, DiemTB, MaXepLoai) values ('KQ221565','NH2223','1','VL10','22520043',null,null)
insert into DIEM(MaDiem, MaKetQua, MaThanhPhan, Diem) values ('D2215651','KQ221565','CK',1.0)
insert into DIEM(MaDiem, MaKetQua, MaThanhPhan, Diem) values ('D2215652','KQ221565','GK',2.5)
insert into DIEM(MaDiem, MaKetQua, MaThanhPhan, Diem) values ('D2215653','KQ221565','TX',3.0)

insert into KETQUA_MONHOC_HOCSINH(MaKetQua, MaNamHoc, MaHocKy, MaMonHoc, MaHocSinh, DiemTB, MaXepLoai) values ('KQ221566','NH2223','2','AV10','22520043',null,null)
insert into DIEM(MaDiem, MaKetQua, MaThanhPhan, Diem) values ('D2215661','KQ221566','CK',3.0)
insert into DIEM(MaDiem, MaKetQua, MaThanhPhan, Diem) values ('D2215662','KQ221566','GK',3.0)
insert into DIEM(MaDiem, MaKetQua, MaThanhPhan, Diem) values ('D2215663','KQ221566','TX',1.0)

insert into KETQUA_MONHOC_HOCSINH(MaKetQua, MaNamHoc, MaHocKy, MaMonHoc, MaHocSinh, DiemTB, MaXepLoai) values ('KQ221567','NH2223','2','CN10','22520043',null,null)
insert into DIEM(MaDiem, MaKetQua, MaThanhPhan, Diem) values ('D2215671','KQ221567','CK',3.0)
insert into DIEM(MaDiem, MaKetQua, MaThanhPhan, Diem) values ('D2215672','KQ221567','GK',1.0)
insert into DIEM(MaDiem, MaKetQua, MaThanhPhan, Diem) values ('D2215673','KQ221567','TX',1.5)

insert into KETQUA_MONHOC_HOCSINH(MaKetQua, MaNamHoc, MaHocKy, MaMonHoc, MaHocSinh, DiemTB, MaXepLoai) values ('KQ221568','NH2223','2','DL10','22520043',null,null)
insert into DIEM(MaDiem, MaKetQua, MaThanhPhan, Diem) values ('D2215681','KQ221568','CK',2.0)
insert into DIEM(MaDiem, MaKetQua, MaThanhPhan, Diem) values ('D2215682','KQ221568','GK',1.5)
insert into DIEM(MaDiem, MaKetQua, MaThanhPhan, Diem) values ('D2215683','KQ221568','TX',1.0)

insert into KETQUA_MONHOC_HOCSINH(MaKetQua, MaNamHoc, MaHocKy, MaMonHoc, MaHocSinh, DiemTB, MaXepLoai) values ('KQ221569','NH2223','2','GD10','22520043',null,null)
insert into DIEM(MaDiem, MaKetQua, MaThanhPhan, Diem) values ('D2215691','KQ221569','CK',1.0)
insert into DIEM(MaDiem, MaKetQua, MaThanhPhan, Diem) values ('D2215692','KQ221569','GK',3.0)
insert into DIEM(MaDiem, MaKetQua, MaThanhPhan, Diem) values ('D2215693','KQ221569','TX',2.5)

insert into KETQUA_MONHOC_HOCSINH(MaKetQua, MaNamHoc, MaHocKy, MaMonHoc, MaHocSinh, DiemTB, MaXepLoai) values ('KQ221570','NH2223','2','HO10','22520043',null,null)
insert into DIEM(MaDiem, MaKetQua, MaThanhPhan, Diem) values ('D2215701','KQ221570','CK',1.5)
insert into DIEM(MaDiem, MaKetQua, MaThanhPhan, Diem) values ('D2215702','KQ221570','GK',2.0)
insert into DIEM(MaDiem, MaKetQua, MaThanhPhan, Diem) values ('D2215703','KQ221570','TX',2.5)

insert into KETQUA_MONHOC_HOCSINH(MaKetQua, MaNamHoc, MaHocKy, MaMonHoc, MaHocSinh, DiemTB, MaXepLoai) values ('KQ221571','NH2223','2','LS10','22520043',null,null)
insert into DIEM(MaDiem, MaKetQua, MaThanhPhan, Diem) values ('D2215711','KQ221571','CK',3.0)
insert into DIEM(MaDiem, MaKetQua, MaThanhPhan, Diem) values ('D2215712','KQ221571','GK',1.0)
insert into DIEM(MaDiem, MaKetQua, MaThanhPhan, Diem) values ('D2215713','KQ221571','TX',1.5)

insert into KETQUA_MONHOC_HOCSINH(MaKetQua, MaNamHoc, MaHocKy, MaMonHoc, MaHocSinh, DiemTB, MaXepLoai) values ('KQ221572','NH2223','2','NV10','22520043',null,null)
insert into DIEM(MaDiem, MaKetQua, MaThanhPhan, Diem) values ('D2215721','KQ221572','CK',2.0)
insert into DIEM(MaDiem, MaKetQua, MaThanhPhan, Diem) values ('D2215722','KQ221572','GK',2.5)
insert into DIEM(MaDiem, MaKetQua, MaThanhPhan, Diem) values ('D2215723','KQ221572','TX',3.0)

insert into KETQUA_MONHOC_HOCSINH(MaKetQua, MaNamHoc, MaHocKy, MaMonHoc, MaHocSinh, DiemTB, MaXepLoai) values ('KQ221573','NH2223','2','QP10','22520043',null,null)
insert into DIEM(MaDiem, MaKetQua, MaThanhPhan, Diem) values ('D2215731','KQ221573','CK',3.0)
insert into DIEM(MaDiem, MaKetQua, MaThanhPhan, Diem) values ('D2215732','KQ221573','GK',2.5)
insert into DIEM(MaDiem, MaKetQua, MaThanhPhan, Diem) values ('D2215733','KQ221573','TX',2.5)

insert into KETQUA_MONHOC_HOCSINH(MaKetQua, MaNamHoc, MaHocKy, MaMonHoc, MaHocSinh, DiemTB, MaXepLoai) values ('KQ221574','NH2223','2','SI10','22520043',null,null)
insert into DIEM(MaDiem, MaKetQua, MaThanhPhan, Diem) values ('D2215741','KQ221574','CK',3.5)
insert into DIEM(MaDiem, MaKetQua, MaThanhPhan, Diem) values ('D2215742','KQ221574','GK',1.5)
insert into DIEM(MaDiem, MaKetQua, MaThanhPhan, Diem) values ('D2215743','KQ221574','TX',2.0)

insert into KETQUA_MONHOC_HOCSINH(MaKetQua, MaNamHoc, MaHocKy, MaMonHoc, MaHocSinh, DiemTB, MaXepLoai) values ('KQ221575','NH2223','2','TD10','22520043',null,null)
insert into DIEM(MaDiem, MaKetQua, MaThanhPhan, Diem) values ('D2215751','KQ221575','CK',1.0)
insert into DIEM(MaDiem, MaKetQua, MaThanhPhan, Diem) values ('D2215752','KQ221575','GK',1.0)
insert into DIEM(MaDiem, MaKetQua, MaThanhPhan, Diem) values ('D2215753','KQ221575','TX',1.5)

insert into KETQUA_MONHOC_HOCSINH(MaKetQua, MaNamHoc, MaHocKy, MaMonHoc, MaHocSinh, DiemTB, MaXepLoai) values ('KQ221576','NH2223','2','TI10','22520043',null,null)
insert into DIEM(MaDiem, MaKetQua, MaThanhPhan, Diem) values ('D2215761','KQ221576','CK',1.0)
insert into DIEM(MaDiem, MaKetQua, MaThanhPhan, Diem) values ('D2215762','KQ221576','GK',2.5)
insert into DIEM(MaDiem, MaKetQua, MaThanhPhan, Diem) values ('D2215763','KQ221576','TX',1.5)

insert into KETQUA_MONHOC_HOCSINH(MaKetQua, MaNamHoc, MaHocKy, MaMonHoc, MaHocSinh, DiemTB, MaXepLoai) values ('KQ221577','NH2223','2','TO10','22520043',null,null)
insert into DIEM(MaDiem, MaKetQua, MaThanhPhan, Diem) values ('D2215771','KQ221577','CK',2.5)
insert into DIEM(MaDiem, MaKetQua, MaThanhPhan, Diem) values ('D2215772','KQ221577','GK',1.0)
insert into DIEM(MaDiem, MaKetQua, MaThanhPhan, Diem) values ('D2215773','KQ221577','TX',1.0)

insert into KETQUA_MONHOC_HOCSINH(MaKetQua, MaNamHoc, MaHocKy, MaMonHoc, MaHocSinh, DiemTB, MaXepLoai) values ('KQ221578','NH2223','2','VL10','22520043',null,null)
insert into DIEM(MaDiem, MaKetQua, MaThanhPhan, Diem) values ('D2215781','KQ221578','CK',3.0)
insert into DIEM(MaDiem, MaKetQua, MaThanhPhan, Diem) values ('D2215782','KQ221578','GK',2.0)
insert into DIEM(MaDiem, MaKetQua, MaThanhPhan, Diem) values ('D2215783','KQ221578','TX',1.5)

insert into KETQUA_MONHOC_HOCSINH(MaKetQua, MaNamHoc, MaHocKy, MaMonHoc, MaHocSinh, DiemTB, MaXepLoai) values ('KQ221579','NH2223','1','AV10','22520044',null,null)
insert into DIEM(MaDiem, MaKetQua, MaThanhPhan, Diem) values ('D2215791','KQ221579','CK',8.5)
insert into DIEM(MaDiem, MaKetQua, MaThanhPhan, Diem) values ('D2215792','KQ221579','GK',8.5)
insert into DIEM(MaDiem, MaKetQua, MaThanhPhan, Diem) values ('D2215793','KQ221579','TX',7.0)

insert into KETQUA_MONHOC_HOCSINH(MaKetQua, MaNamHoc, MaHocKy, MaMonHoc, MaHocSinh, DiemTB, MaXepLoai) values ('KQ221580','NH2223','1','CN10','22520044',null,null)
insert into DIEM(MaDiem, MaKetQua, MaThanhPhan, Diem) values ('D2215801','KQ221580','CK',8.5)
insert into DIEM(MaDiem, MaKetQua, MaThanhPhan, Diem) values ('D2215802','KQ221580','GK',6.5)
insert into DIEM(MaDiem, MaKetQua, MaThanhPhan, Diem) values ('D2215803','KQ221580','TX',9.0)

insert into KETQUA_MONHOC_HOCSINH(MaKetQua, MaNamHoc, MaHocKy, MaMonHoc, MaHocSinh, DiemTB, MaXepLoai) values ('KQ221581','NH2223','1','DL10','22520044',null,null)
insert into DIEM(MaDiem, MaKetQua, MaThanhPhan, Diem) values ('D2215811','KQ221581','CK',7.0)
insert into DIEM(MaDiem, MaKetQua, MaThanhPhan, Diem) values ('D2215812','KQ221581','GK',8.5)
insert into DIEM(MaDiem, MaKetQua, MaThanhPhan, Diem) values ('D2215813','KQ221581','TX',8.5)

insert into KETQUA_MONHOC_HOCSINH(MaKetQua, MaNamHoc, MaHocKy, MaMonHoc, MaHocSinh, DiemTB, MaXepLoai) values ('KQ221582','NH2223','1','GD10','22520044',null,null)
insert into DIEM(MaDiem, MaKetQua, MaThanhPhan, Diem) values ('D2215821','KQ221582','CK',6.0)
insert into DIEM(MaDiem, MaKetQua, MaThanhPhan, Diem) values ('D2215822','KQ221582','GK',7.0)
insert into DIEM(MaDiem, MaKetQua, MaThanhPhan, Diem) values ('D2215823','KQ221582','TX',9.0)

insert into KETQUA_MONHOC_HOCSINH(MaKetQua, MaNamHoc, MaHocKy, MaMonHoc, MaHocSinh, DiemTB, MaXepLoai) values ('KQ221583','NH2223','1','HO10','22520044',null,null)
insert into DIEM(MaDiem, MaKetQua, MaThanhPhan, Diem) values ('D2215831','KQ221583','CK',10.0)
insert into DIEM(MaDiem, MaKetQua, MaThanhPhan, Diem) values ('D2215832','KQ221583','GK',7.5)
insert into DIEM(MaDiem, MaKetQua, MaThanhPhan, Diem) values ('D2215833','KQ221583','TX',8.0)

insert into KETQUA_MONHOC_HOCSINH(MaKetQua, MaNamHoc, MaHocKy, MaMonHoc, MaHocSinh, DiemTB, MaXepLoai) values ('KQ221584','NH2223','1','LS10','22520044',null,null)
insert into DIEM(MaDiem, MaKetQua, MaThanhPhan, Diem) values ('D2215841','KQ221584','CK',7.0)
insert into DIEM(MaDiem, MaKetQua, MaThanhPhan, Diem) values ('D2215842','KQ221584','GK',8.0)
insert into DIEM(MaDiem, MaKetQua, MaThanhPhan, Diem) values ('D2215843','KQ221584','TX',8.0)

insert into KETQUA_MONHOC_HOCSINH(MaKetQua, MaNamHoc, MaHocKy, MaMonHoc, MaHocSinh, DiemTB, MaXepLoai) values ('KQ221585','NH2223','1','NV10','22520044',null,null)
insert into DIEM(MaDiem, MaKetQua, MaThanhPhan, Diem) values ('D2215851','KQ221585','CK',9.0)
insert into DIEM(MaDiem, MaKetQua, MaThanhPhan, Diem) values ('D2215852','KQ221585','GK',9.5)
insert into DIEM(MaDiem, MaKetQua, MaThanhPhan, Diem) values ('D2215853','KQ221585','TX',9.5)

insert into KETQUA_MONHOC_HOCSINH(MaKetQua, MaNamHoc, MaHocKy, MaMonHoc, MaHocSinh, DiemTB, MaXepLoai) values ('KQ221586','NH2223','1','QP10','22520044',null,null)
insert into DIEM(MaDiem, MaKetQua, MaThanhPhan, Diem) values ('D2215861','KQ221586','CK',7.5)
insert into DIEM(MaDiem, MaKetQua, MaThanhPhan, Diem) values ('D2215862','KQ221586','GK',6.5)
insert into DIEM(MaDiem, MaKetQua, MaThanhPhan, Diem) values ('D2215863','KQ221586','TX',6.0)

insert into KETQUA_MONHOC_HOCSINH(MaKetQua, MaNamHoc, MaHocKy, MaMonHoc, MaHocSinh, DiemTB, MaXepLoai) values ('KQ221587','NH2223','1','SI10','22520044',null,null)
insert into DIEM(MaDiem, MaKetQua, MaThanhPhan, Diem) values ('D2215871','KQ221587','CK',10.0)
insert into DIEM(MaDiem, MaKetQua, MaThanhPhan, Diem) values ('D2215872','KQ221587','GK',7.0)
insert into DIEM(MaDiem, MaKetQua, MaThanhPhan, Diem) values ('D2215873','KQ221587','TX',8.0)

insert into KETQUA_MONHOC_HOCSINH(MaKetQua, MaNamHoc, MaHocKy, MaMonHoc, MaHocSinh, DiemTB, MaXepLoai) values ('KQ221588','NH2223','1','TD10','22520044',null,null)
insert into DIEM(MaDiem, MaKetQua, MaThanhPhan, Diem) values ('D2215881','KQ221588','CK',6.5)
insert into DIEM(MaDiem, MaKetQua, MaThanhPhan, Diem) values ('D2215882','KQ221588','GK',7.5)
insert into DIEM(MaDiem, MaKetQua, MaThanhPhan, Diem) values ('D2215883','KQ221588','TX',8.5)

insert into KETQUA_MONHOC_HOCSINH(MaKetQua, MaNamHoc, MaHocKy, MaMonHoc, MaHocSinh, DiemTB, MaXepLoai) values ('KQ221589','NH2223','1','TI10','22520044',null,null)
insert into DIEM(MaDiem, MaKetQua, MaThanhPhan, Diem) values ('D2215891','KQ221589','CK',7.0)
insert into DIEM(MaDiem, MaKetQua, MaThanhPhan, Diem) values ('D2215892','KQ221589','GK',9.5)
insert into DIEM(MaDiem, MaKetQua, MaThanhPhan, Diem) values ('D2215893','KQ221589','TX',7.5)

insert into KETQUA_MONHOC_HOCSINH(MaKetQua, MaNamHoc, MaHocKy, MaMonHoc, MaHocSinh, DiemTB, MaXepLoai) values ('KQ221590','NH2223','1','TO10','22520044',null,null)
insert into DIEM(MaDiem, MaKetQua, MaThanhPhan, Diem) values ('D2215901','KQ221590','CK',6.5)
insert into DIEM(MaDiem, MaKetQua, MaThanhPhan, Diem) values ('D2215902','KQ221590','GK',7.0)
insert into DIEM(MaDiem, MaKetQua, MaThanhPhan, Diem) values ('D2215903','KQ221590','TX',9.0)

insert into KETQUA_MONHOC_HOCSINH(MaKetQua, MaNamHoc, MaHocKy, MaMonHoc, MaHocSinh, DiemTB, MaXepLoai) values ('KQ221591','NH2223','1','VL10','22520044',null,null)
insert into DIEM(MaDiem, MaKetQua, MaThanhPhan, Diem) values ('D2215911','KQ221591','CK',8.0)
insert into DIEM(MaDiem, MaKetQua, MaThanhPhan, Diem) values ('D2215912','KQ221591','GK',8.0)
insert into DIEM(MaDiem, MaKetQua, MaThanhPhan, Diem) values ('D2215913','KQ221591','TX',9.5)

insert into KETQUA_MONHOC_HOCSINH(MaKetQua, MaNamHoc, MaHocKy, MaMonHoc, MaHocSinh, DiemTB, MaXepLoai) values ('KQ221592','NH2223','2','AV10','22520044',null,null)
insert into DIEM(MaDiem, MaKetQua, MaThanhPhan, Diem) values ('D2215921','KQ221592','CK',7.0)
insert into DIEM(MaDiem, MaKetQua, MaThanhPhan, Diem) values ('D2215922','KQ221592','GK',10.0)
insert into DIEM(MaDiem, MaKetQua, MaThanhPhan, Diem) values ('D2215923','KQ221592','TX',7.5)

insert into KETQUA_MONHOC_HOCSINH(MaKetQua, MaNamHoc, MaHocKy, MaMonHoc, MaHocSinh, DiemTB, MaXepLoai) values ('KQ221593','NH2223','2','CN10','22520044',null,null)
insert into DIEM(MaDiem, MaKetQua, MaThanhPhan, Diem) values ('D2215931','KQ221593','CK',9.0)
insert into DIEM(MaDiem, MaKetQua, MaThanhPhan, Diem) values ('D2215932','KQ221593','GK',7.0)
insert into DIEM(MaDiem, MaKetQua, MaThanhPhan, Diem) values ('D2215933','KQ221593','TX',9.0)

insert into KETQUA_MONHOC_HOCSINH(MaKetQua, MaNamHoc, MaHocKy, MaMonHoc, MaHocSinh, DiemTB, MaXepLoai) values ('KQ221594','NH2223','2','DL10','22520044',null,null)
insert into DIEM(MaDiem, MaKetQua, MaThanhPhan, Diem) values ('D2215941','KQ221594','CK',8.5)
insert into DIEM(MaDiem, MaKetQua, MaThanhPhan, Diem) values ('D2215942','KQ221594','GK',10.0)
insert into DIEM(MaDiem, MaKetQua, MaThanhPhan, Diem) values ('D2215943','KQ221594','TX',8.0)

insert into KETQUA_MONHOC_HOCSINH(MaKetQua, MaNamHoc, MaHocKy, MaMonHoc, MaHocSinh, DiemTB, MaXepLoai) values ('KQ221595','NH2223','2','GD10','22520044',null,null)
insert into DIEM(MaDiem, MaKetQua, MaThanhPhan, Diem) values ('D2215951','KQ221595','CK',6.0)
insert into DIEM(MaDiem, MaKetQua, MaThanhPhan, Diem) values ('D2215952','KQ221595','GK',6.0)
insert into DIEM(MaDiem, MaKetQua, MaThanhPhan, Diem) values ('D2215953','KQ221595','TX',7.0)

insert into KETQUA_MONHOC_HOCSINH(MaKetQua, MaNamHoc, MaHocKy, MaMonHoc, MaHocSinh, DiemTB, MaXepLoai) values ('KQ221596','NH2223','2','HO10','22520044',null,null)
insert into DIEM(MaDiem, MaKetQua, MaThanhPhan, Diem) values ('D2215961','KQ221596','CK',9.5)
insert into DIEM(MaDiem, MaKetQua, MaThanhPhan, Diem) values ('D2215962','KQ221596','GK',6.0)
insert into DIEM(MaDiem, MaKetQua, MaThanhPhan, Diem) values ('D2215963','KQ221596','TX',8.0)

insert into KETQUA_MONHOC_HOCSINH(MaKetQua, MaNamHoc, MaHocKy, MaMonHoc, MaHocSinh, DiemTB, MaXepLoai) values ('KQ221597','NH2223','2','LS10','22520044',null,null)
insert into DIEM(MaDiem, MaKetQua, MaThanhPhan, Diem) values ('D2215971','KQ221597','CK',8.5)
insert into DIEM(MaDiem, MaKetQua, MaThanhPhan, Diem) values ('D2215972','KQ221597','GK',8.0)
insert into DIEM(MaDiem, MaKetQua, MaThanhPhan, Diem) values ('D2215973','KQ221597','TX',7.0)

insert into KETQUA_MONHOC_HOCSINH(MaKetQua, MaNamHoc, MaHocKy, MaMonHoc, MaHocSinh, DiemTB, MaXepLoai) values ('KQ221598','NH2223','2','NV10','22520044',null,null)
insert into DIEM(MaDiem, MaKetQua, MaThanhPhan, Diem) values ('D2215981','KQ221598','CK',9.0)
insert into DIEM(MaDiem, MaKetQua, MaThanhPhan, Diem) values ('D2215982','KQ221598','GK',8.0)
insert into DIEM(MaDiem, MaKetQua, MaThanhPhan, Diem) values ('D2215983','KQ221598','TX',7.5)

insert into KETQUA_MONHOC_HOCSINH(MaKetQua, MaNamHoc, MaHocKy, MaMonHoc, MaHocSinh, DiemTB, MaXepLoai) values ('KQ221599','NH2223','2','QP10','22520044',null,null)
insert into DIEM(MaDiem, MaKetQua, MaThanhPhan, Diem) values ('D2215991','KQ221599','CK',8.0)
insert into DIEM(MaDiem, MaKetQua, MaThanhPhan, Diem) values ('D2215992','KQ221599','GK',8.5)
insert into DIEM(MaDiem, MaKetQua, MaThanhPhan, Diem) values ('D2215993','KQ221599','TX',6.0)

insert into KETQUA_MONHOC_HOCSINH(MaKetQua, MaNamHoc, MaHocKy, MaMonHoc, MaHocSinh, DiemTB, MaXepLoai) values ('KQ221600','NH2223','2','SI10','22520044',null,null)
insert into DIEM(MaDiem, MaKetQua, MaThanhPhan, Diem) values ('D2216001','KQ221600','CK',7.5)
insert into DIEM(MaDiem, MaKetQua, MaThanhPhan, Diem) values ('D2216002','KQ221600','GK',7.0)
insert into DIEM(MaDiem, MaKetQua, MaThanhPhan, Diem) values ('D2216003','KQ221600','TX',7.0)

insert into KETQUA_MONHOC_HOCSINH(MaKetQua, MaNamHoc, MaHocKy, MaMonHoc, MaHocSinh, DiemTB, MaXepLoai) values ('KQ221601','NH2223','2','TD10','22520044',null,null)
insert into DIEM(MaDiem, MaKetQua, MaThanhPhan, Diem) values ('D2216011','KQ221601','CK',8.5)
insert into DIEM(MaDiem, MaKetQua, MaThanhPhan, Diem) values ('D2216012','KQ221601','GK',6.0)
insert into DIEM(MaDiem, MaKetQua, MaThanhPhan, Diem) values ('D2216013','KQ221601','TX',8.0)

insert into KETQUA_MONHOC_HOCSINH(MaKetQua, MaNamHoc, MaHocKy, MaMonHoc, MaHocSinh, DiemTB, MaXepLoai) values ('KQ221602','NH2223','2','TI10','22520044',null,null)
insert into DIEM(MaDiem, MaKetQua, MaThanhPhan, Diem) values ('D2216021','KQ221602','CK',6.5)
insert into DIEM(MaDiem, MaKetQua, MaThanhPhan, Diem) values ('D2216022','KQ221602','GK',9.5)
insert into DIEM(MaDiem, MaKetQua, MaThanhPhan, Diem) values ('D2216023','KQ221602','TX',10.0)

insert into KETQUA_MONHOC_HOCSINH(MaKetQua, MaNamHoc, MaHocKy, MaMonHoc, MaHocSinh, DiemTB, MaXepLoai) values ('KQ221603','NH2223','2','TO10','22520044',null,null)
insert into DIEM(MaDiem, MaKetQua, MaThanhPhan, Diem) values ('D2216031','KQ221603','CK',9.5)
insert into DIEM(MaDiem, MaKetQua, MaThanhPhan, Diem) values ('D2216032','KQ221603','GK',7.5)
insert into DIEM(MaDiem, MaKetQua, MaThanhPhan, Diem) values ('D2216033','KQ221603','TX',7.0)

insert into KETQUA_MONHOC_HOCSINH(MaKetQua, MaNamHoc, MaHocKy, MaMonHoc, MaHocSinh, DiemTB, MaXepLoai) values ('KQ221604','NH2223','2','VL10','22520044',null,null)
insert into DIEM(MaDiem, MaKetQua, MaThanhPhan, Diem) values ('D2216041','KQ221604','CK',9.0)
insert into DIEM(MaDiem, MaKetQua, MaThanhPhan, Diem) values ('D2216042','KQ221604','GK',8.5)
insert into DIEM(MaDiem, MaKetQua, MaThanhPhan, Diem) values ('D2216043','KQ221604','TX',6.5)

insert into KETQUA_MONHOC_HOCSINH(MaKetQua, MaNamHoc, MaHocKy, MaMonHoc, MaHocSinh, DiemTB, MaXepLoai) values ('KQ221605','NH2223','1','AV11','22520045',null,null)
insert into DIEM(MaDiem, MaKetQua, MaThanhPhan, Diem) values ('D2216051','KQ221605','CK',5.5)
insert into DIEM(MaDiem, MaKetQua, MaThanhPhan, Diem) values ('D2216052','KQ221605','GK',3.5)
insert into DIEM(MaDiem, MaKetQua, MaThanhPhan, Diem) values ('D2216053','KQ221605','TX',4.5)

insert into KETQUA_MONHOC_HOCSINH(MaKetQua, MaNamHoc, MaHocKy, MaMonHoc, MaHocSinh, DiemTB, MaXepLoai) values ('KQ221606','NH2223','1','CN11','22520045',null,null)
insert into DIEM(MaDiem, MaKetQua, MaThanhPhan, Diem) values ('D2216061','KQ221606','CK',6.5)
insert into DIEM(MaDiem, MaKetQua, MaThanhPhan, Diem) values ('D2216062','KQ221606','GK',6.0)
insert into DIEM(MaDiem, MaKetQua, MaThanhPhan, Diem) values ('D2216063','KQ221606','TX',5.5)

insert into KETQUA_MONHOC_HOCSINH(MaKetQua, MaNamHoc, MaHocKy, MaMonHoc, MaHocSinh, DiemTB, MaXepLoai) values ('KQ221607','NH2223','1','DL11','22520045',null,null)
insert into DIEM(MaDiem, MaKetQua, MaThanhPhan, Diem) values ('D2216071','KQ221607','CK',3.5)
insert into DIEM(MaDiem, MaKetQua, MaThanhPhan, Diem) values ('D2216072','KQ221607','GK',5.5)
insert into DIEM(MaDiem, MaKetQua, MaThanhPhan, Diem) values ('D2216073','KQ221607','TX',5.0)

insert into KETQUA_MONHOC_HOCSINH(MaKetQua, MaNamHoc, MaHocKy, MaMonHoc, MaHocSinh, DiemTB, MaXepLoai) values ('KQ221608','NH2223','1','GD11','22520045',null,null)
insert into DIEM(MaDiem, MaKetQua, MaThanhPhan, Diem) values ('D2216081','KQ221608','CK',5.5)
insert into DIEM(MaDiem, MaKetQua, MaThanhPhan, Diem) values ('D2216082','KQ221608','GK',4.5)
insert into DIEM(MaDiem, MaKetQua, MaThanhPhan, Diem) values ('D2216083','KQ221608','TX',7.0)

insert into KETQUA_MONHOC_HOCSINH(MaKetQua, MaNamHoc, MaHocKy, MaMonHoc, MaHocSinh, DiemTB, MaXepLoai) values ('KQ221609','NH2223','1','HO11','22520045',null,null)
insert into DIEM(MaDiem, MaKetQua, MaThanhPhan, Diem) values ('D2216091','KQ221609','CK',5.5)
insert into DIEM(MaDiem, MaKetQua, MaThanhPhan, Diem) values ('D2216092','KQ221609','GK',7.0)
insert into DIEM(MaDiem, MaKetQua, MaThanhPhan, Diem) values ('D2216093','KQ221609','TX',5.0)

insert into KETQUA_MONHOC_HOCSINH(MaKetQua, MaNamHoc, MaHocKy, MaMonHoc, MaHocSinh, DiemTB, MaXepLoai) values ('KQ221610','NH2223','1','LS11','22520045',null,null)
insert into DIEM(MaDiem, MaKetQua, MaThanhPhan, Diem) values ('D2216101','KQ221610','CK',3.0)
insert into DIEM(MaDiem, MaKetQua, MaThanhPhan, Diem) values ('D2216102','KQ221610','GK',5.0)
insert into DIEM(MaDiem, MaKetQua, MaThanhPhan, Diem) values ('D2216103','KQ221610','TX',5.0)

insert into KETQUA_MONHOC_HOCSINH(MaKetQua, MaNamHoc, MaHocKy, MaMonHoc, MaHocSinh, DiemTB, MaXepLoai) values ('KQ221611','NH2223','1','NV11','22520045',null,null)
insert into DIEM(MaDiem, MaKetQua, MaThanhPhan, Diem) values ('D2216111','KQ221611','CK',6.5)
insert into DIEM(MaDiem, MaKetQua, MaThanhPhan, Diem) values ('D2216112','KQ221611','GK',5.5)
insert into DIEM(MaDiem, MaKetQua, MaThanhPhan, Diem) values ('D2216113','KQ221611','TX',6.0)

insert into KETQUA_MONHOC_HOCSINH(MaKetQua, MaNamHoc, MaHocKy, MaMonHoc, MaHocSinh, DiemTB, MaXepLoai) values ('KQ221612','NH2223','1','QP11','22520045',null,null)
insert into DIEM(MaDiem, MaKetQua, MaThanhPhan, Diem) values ('D2216121','KQ221612','CK',4.5)
insert into DIEM(MaDiem, MaKetQua, MaThanhPhan, Diem) values ('D2216122','KQ221612','GK',5.5)
insert into DIEM(MaDiem, MaKetQua, MaThanhPhan, Diem) values ('D2216123','KQ221612','TX',6.5)

insert into KETQUA_MONHOC_HOCSINH(MaKetQua, MaNamHoc, MaHocKy, MaMonHoc, MaHocSinh, DiemTB, MaXepLoai) values ('KQ221613','NH2223','1','SI11','22520045',null,null)
insert into DIEM(MaDiem, MaKetQua, MaThanhPhan, Diem) values ('D2216131','KQ221613','CK',6.5)
insert into DIEM(MaDiem, MaKetQua, MaThanhPhan, Diem) values ('D2216132','KQ221613','GK',6.5)
insert into DIEM(MaDiem, MaKetQua, MaThanhPhan, Diem) values ('D2216133','KQ221613','TX',5.5)

insert into KETQUA_MONHOC_HOCSINH(MaKetQua, MaNamHoc, MaHocKy, MaMonHoc, MaHocSinh, DiemTB, MaXepLoai) values ('KQ221614','NH2223','1','TD11','22520045',null,null)
insert into DIEM(MaDiem, MaKetQua, MaThanhPhan, Diem) values ('D2216141','KQ221614','CK',4.5)
insert into DIEM(MaDiem, MaKetQua, MaThanhPhan, Diem) values ('D2216142','KQ221614','GK',3.5)
insert into DIEM(MaDiem, MaKetQua, MaThanhPhan, Diem) values ('D2216143','KQ221614','TX',4.0)

insert into KETQUA_MONHOC_HOCSINH(MaKetQua, MaNamHoc, MaHocKy, MaMonHoc, MaHocSinh, DiemTB, MaXepLoai) values ('KQ221615','NH2223','1','TI11','22520045',null,null)
insert into DIEM(MaDiem, MaKetQua, MaThanhPhan, Diem) values ('D2216151','KQ221615','CK',4.0)
insert into DIEM(MaDiem, MaKetQua, MaThanhPhan, Diem) values ('D2216152','KQ221615','GK',6.0)
insert into DIEM(MaDiem, MaKetQua, MaThanhPhan, Diem) values ('D2216153','KQ221615','TX',4.5)

insert into KETQUA_MONHOC_HOCSINH(MaKetQua, MaNamHoc, MaHocKy, MaMonHoc, MaHocSinh, DiemTB, MaXepLoai) values ('KQ221616','NH2223','1','TO11','22520045',null,null)
insert into DIEM(MaDiem, MaKetQua, MaThanhPhan, Diem) values ('D2216161','KQ221616','CK',6.5)
insert into DIEM(MaDiem, MaKetQua, MaThanhPhan, Diem) values ('D2216162','KQ221616','GK',3.0)
insert into DIEM(MaDiem, MaKetQua, MaThanhPhan, Diem) values ('D2216163','KQ221616','TX',6.5)

insert into KETQUA_MONHOC_HOCSINH(MaKetQua, MaNamHoc, MaHocKy, MaMonHoc, MaHocSinh, DiemTB, MaXepLoai) values ('KQ221617','NH2223','1','VL11','22520045',null,null)
insert into DIEM(MaDiem, MaKetQua, MaThanhPhan, Diem) values ('D2216171','KQ221617','CK',4.5)
insert into DIEM(MaDiem, MaKetQua, MaThanhPhan, Diem) values ('D2216172','KQ221617','GK',3.0)
insert into DIEM(MaDiem, MaKetQua, MaThanhPhan, Diem) values ('D2216173','KQ221617','TX',3.0)

insert into KETQUA_MONHOC_HOCSINH(MaKetQua, MaNamHoc, MaHocKy, MaMonHoc, MaHocSinh, DiemTB, MaXepLoai) values ('KQ221618','NH2223','2','AV11','22520045',null,null)
insert into DIEM(MaDiem, MaKetQua, MaThanhPhan, Diem) values ('D2216181','KQ221618','CK',3.5)
insert into DIEM(MaDiem, MaKetQua, MaThanhPhan, Diem) values ('D2216182','KQ221618','GK',5.0)
insert into DIEM(MaDiem, MaKetQua, MaThanhPhan, Diem) values ('D2216183','KQ221618','TX',7.0)

insert into KETQUA_MONHOC_HOCSINH(MaKetQua, MaNamHoc, MaHocKy, MaMonHoc, MaHocSinh, DiemTB, MaXepLoai) values ('KQ221619','NH2223','2','CN11','22520045',null,null)
insert into DIEM(MaDiem, MaKetQua, MaThanhPhan, Diem) values ('D2216191','KQ221619','CK',3.0)
insert into DIEM(MaDiem, MaKetQua, MaThanhPhan, Diem) values ('D2216192','KQ221619','GK',3.0)
insert into DIEM(MaDiem, MaKetQua, MaThanhPhan, Diem) values ('D2216193','KQ221619','TX',5.0)

insert into KETQUA_MONHOC_HOCSINH(MaKetQua, MaNamHoc, MaHocKy, MaMonHoc, MaHocSinh, DiemTB, MaXepLoai) values ('KQ221620','NH2223','2','DL11','22520045',null,null)
insert into DIEM(MaDiem, MaKetQua, MaThanhPhan, Diem) values ('D2216201','KQ221620','CK',3.5)
insert into DIEM(MaDiem, MaKetQua, MaThanhPhan, Diem) values ('D2216202','KQ221620','GK',4.5)
insert into DIEM(MaDiem, MaKetQua, MaThanhPhan, Diem) values ('D2216203','KQ221620','TX',3.5)

insert into KETQUA_MONHOC_HOCSINH(MaKetQua, MaNamHoc, MaHocKy, MaMonHoc, MaHocSinh, DiemTB, MaXepLoai) values ('KQ221621','NH2223','2','GD11','22520045',null,null)
insert into DIEM(MaDiem, MaKetQua, MaThanhPhan, Diem) values ('D2216211','KQ221621','CK',6.5)
insert into DIEM(MaDiem, MaKetQua, MaThanhPhan, Diem) values ('D2216212','KQ221621','GK',5.0)
insert into DIEM(MaDiem, MaKetQua, MaThanhPhan, Diem) values ('D2216213','KQ221621','TX',6.5)

insert into KETQUA_MONHOC_HOCSINH(MaKetQua, MaNamHoc, MaHocKy, MaMonHoc, MaHocSinh, DiemTB, MaXepLoai) values ('KQ221622','NH2223','2','HO11','22520045',null,null)
insert into DIEM(MaDiem, MaKetQua, MaThanhPhan, Diem) values ('D2216221','KQ221622','CK',6.5)
insert into DIEM(MaDiem, MaKetQua, MaThanhPhan, Diem) values ('D2216222','KQ221622','GK',6.0)
insert into DIEM(MaDiem, MaKetQua, MaThanhPhan, Diem) values ('D2216223','KQ221622','TX',3.5)

insert into KETQUA_MONHOC_HOCSINH(MaKetQua, MaNamHoc, MaHocKy, MaMonHoc, MaHocSinh, DiemTB, MaXepLoai) values ('KQ221623','NH2223','2','LS11','22520045',null,null)
insert into DIEM(MaDiem, MaKetQua, MaThanhPhan, Diem) values ('D2216231','KQ221623','CK',5.5)
insert into DIEM(MaDiem, MaKetQua, MaThanhPhan, Diem) values ('D2216232','KQ221623','GK',3.0)
insert into DIEM(MaDiem, MaKetQua, MaThanhPhan, Diem) values ('D2216233','KQ221623','TX',5.5)

insert into KETQUA_MONHOC_HOCSINH(MaKetQua, MaNamHoc, MaHocKy, MaMonHoc, MaHocSinh, DiemTB, MaXepLoai) values ('KQ221624','NH2223','2','NV11','22520045',null,null)
insert into DIEM(MaDiem, MaKetQua, MaThanhPhan, Diem) values ('D2216241','KQ221624','CK',3.0)
insert into DIEM(MaDiem, MaKetQua, MaThanhPhan, Diem) values ('D2216242','KQ221624','GK',6.5)
insert into DIEM(MaDiem, MaKetQua, MaThanhPhan, Diem) values ('D2216243','KQ221624','TX',4.0)

insert into KETQUA_MONHOC_HOCSINH(MaKetQua, MaNamHoc, MaHocKy, MaMonHoc, MaHocSinh, DiemTB, MaXepLoai) values ('KQ221625','NH2223','2','QP11','22520045',null,null)
insert into DIEM(MaDiem, MaKetQua, MaThanhPhan, Diem) values ('D2216251','KQ221625','CK',6.5)
insert into DIEM(MaDiem, MaKetQua, MaThanhPhan, Diem) values ('D2216252','KQ221625','GK',6.5)
insert into DIEM(MaDiem, MaKetQua, MaThanhPhan, Diem) values ('D2216253','KQ221625','TX',3.5)

insert into KETQUA_MONHOC_HOCSINH(MaKetQua, MaNamHoc, MaHocKy, MaMonHoc, MaHocSinh, DiemTB, MaXepLoai) values ('KQ221626','NH2223','2','SI11','22520045',null,null)
insert into DIEM(MaDiem, MaKetQua, MaThanhPhan, Diem) values ('D2216261','KQ221626','CK',4.5)
insert into DIEM(MaDiem, MaKetQua, MaThanhPhan, Diem) values ('D2216262','KQ221626','GK',5.0)
insert into DIEM(MaDiem, MaKetQua, MaThanhPhan, Diem) values ('D2216263','KQ221626','TX',6.0)

insert into KETQUA_MONHOC_HOCSINH(MaKetQua, MaNamHoc, MaHocKy, MaMonHoc, MaHocSinh, DiemTB, MaXepLoai) values ('KQ221627','NH2223','2','TD11','22520045',null,null)
insert into DIEM(MaDiem, MaKetQua, MaThanhPhan, Diem) values ('D2216271','KQ221627','CK',4.0)
insert into DIEM(MaDiem, MaKetQua, MaThanhPhan, Diem) values ('D2216272','KQ221627','GK',4.5)
insert into DIEM(MaDiem, MaKetQua, MaThanhPhan, Diem) values ('D2216273','KQ221627','TX',4.0)

insert into KETQUA_MONHOC_HOCSINH(MaKetQua, MaNamHoc, MaHocKy, MaMonHoc, MaHocSinh, DiemTB, MaXepLoai) values ('KQ221628','NH2223','2','TI11','22520045',null,null)
insert into DIEM(MaDiem, MaKetQua, MaThanhPhan, Diem) values ('D2216281','KQ221628','CK',6.5)
insert into DIEM(MaDiem, MaKetQua, MaThanhPhan, Diem) values ('D2216282','KQ221628','GK',5.0)
insert into DIEM(MaDiem, MaKetQua, MaThanhPhan, Diem) values ('D2216283','KQ221628','TX',5.5)

insert into KETQUA_MONHOC_HOCSINH(MaKetQua, MaNamHoc, MaHocKy, MaMonHoc, MaHocSinh, DiemTB, MaXepLoai) values ('KQ221629','NH2223','2','TO11','22520045',null,null)
insert into DIEM(MaDiem, MaKetQua, MaThanhPhan, Diem) values ('D2216291','KQ221629','CK',4.5)
insert into DIEM(MaDiem, MaKetQua, MaThanhPhan, Diem) values ('D2216292','KQ221629','GK',5.0)
insert into DIEM(MaDiem, MaKetQua, MaThanhPhan, Diem) values ('D2216293','KQ221629','TX',7.0)

insert into KETQUA_MONHOC_HOCSINH(MaKetQua, MaNamHoc, MaHocKy, MaMonHoc, MaHocSinh, DiemTB, MaXepLoai) values ('KQ221630','NH2223','2','VL11','22520045',null,null)
insert into DIEM(MaDiem, MaKetQua, MaThanhPhan, Diem) values ('D2216301','KQ221630','CK',6.0)
insert into DIEM(MaDiem, MaKetQua, MaThanhPhan, Diem) values ('D2216302','KQ221630','GK',5.0)
insert into DIEM(MaDiem, MaKetQua, MaThanhPhan, Diem) values ('D2216303','KQ221630','TX',4.5)

insert into KETQUA_MONHOC_HOCSINH(MaKetQua, MaNamHoc, MaHocKy, MaMonHoc, MaHocSinh, DiemTB, MaXepLoai) values ('KQ221631','NH2223','1','AV11','22520046',null,null)
insert into DIEM(MaDiem, MaKetQua, MaThanhPhan, Diem) values ('D2216311','KQ221631','CK',5.0)
insert into DIEM(MaDiem, MaKetQua, MaThanhPhan, Diem) values ('D2216312','KQ221631','GK',4.5)
insert into DIEM(MaDiem, MaKetQua, MaThanhPhan, Diem) values ('D2216313','KQ221631','TX',6.0)

insert into KETQUA_MONHOC_HOCSINH(MaKetQua, MaNamHoc, MaHocKy, MaMonHoc, MaHocSinh, DiemTB, MaXepLoai) values ('KQ221632','NH2223','1','CN11','22520046',null,null)
insert into DIEM(MaDiem, MaKetQua, MaThanhPhan, Diem) values ('D2216321','KQ221632','CK',6.5)
insert into DIEM(MaDiem, MaKetQua, MaThanhPhan, Diem) values ('D2216322','KQ221632','GK',4.5)
insert into DIEM(MaDiem, MaKetQua, MaThanhPhan, Diem) values ('D2216323','KQ221632','TX',4.0)

insert into KETQUA_MONHOC_HOCSINH(MaKetQua, MaNamHoc, MaHocKy, MaMonHoc, MaHocSinh, DiemTB, MaXepLoai) values ('KQ221633','NH2223','1','DL11','22520046',null,null)
insert into DIEM(MaDiem, MaKetQua, MaThanhPhan, Diem) values ('D2216331','KQ221633','CK',3.5)
insert into DIEM(MaDiem, MaKetQua, MaThanhPhan, Diem) values ('D2216332','KQ221633','GK',5.0)
insert into DIEM(MaDiem, MaKetQua, MaThanhPhan, Diem) values ('D2216333','KQ221633','TX',6.0)

insert into KETQUA_MONHOC_HOCSINH(MaKetQua, MaNamHoc, MaHocKy, MaMonHoc, MaHocSinh, DiemTB, MaXepLoai) values ('KQ221634','NH2223','1','GD11','22520046',null,null)
insert into DIEM(MaDiem, MaKetQua, MaThanhPhan, Diem) values ('D2216341','KQ221634','CK',6.5)
insert into DIEM(MaDiem, MaKetQua, MaThanhPhan, Diem) values ('D2216342','KQ221634','GK',5.0)
insert into DIEM(MaDiem, MaKetQua, MaThanhPhan, Diem) values ('D2216343','KQ221634','TX',5.0)

insert into KETQUA_MONHOC_HOCSINH(MaKetQua, MaNamHoc, MaHocKy, MaMonHoc, MaHocSinh, DiemTB, MaXepLoai) values ('KQ221635','NH2223','1','HO11','22520046',null,null)
insert into DIEM(MaDiem, MaKetQua, MaThanhPhan, Diem) values ('D2216351','KQ221635','CK',5.0)
insert into DIEM(MaDiem, MaKetQua, MaThanhPhan, Diem) values ('D2216352','KQ221635','GK',3.5)
insert into DIEM(MaDiem, MaKetQua, MaThanhPhan, Diem) values ('D2216353','KQ221635','TX',4.5)

insert into KETQUA_MONHOC_HOCSINH(MaKetQua, MaNamHoc, MaHocKy, MaMonHoc, MaHocSinh, DiemTB, MaXepLoai) values ('KQ221636','NH2223','1','LS11','22520046',null,null)
insert into DIEM(MaDiem, MaKetQua, MaThanhPhan, Diem) values ('D2216361','KQ221636','CK',5.0)
insert into DIEM(MaDiem, MaKetQua, MaThanhPhan, Diem) values ('D2216362','KQ221636','GK',6.5)
insert into DIEM(MaDiem, MaKetQua, MaThanhPhan, Diem) values ('D2216363','KQ221636','TX',7.0)

insert into KETQUA_MONHOC_HOCSINH(MaKetQua, MaNamHoc, MaHocKy, MaMonHoc, MaHocSinh, DiemTB, MaXepLoai) values ('KQ221637','NH2223','1','NV11','22520046',null,null)
insert into DIEM(MaDiem, MaKetQua, MaThanhPhan, Diem) values ('D2216371','KQ221637','CK',5.0)
insert into DIEM(MaDiem, MaKetQua, MaThanhPhan, Diem) values ('D2216372','KQ221637','GK',5.0)
insert into DIEM(MaDiem, MaKetQua, MaThanhPhan, Diem) values ('D2216373','KQ221637','TX',6.0)

insert into KETQUA_MONHOC_HOCSINH(MaKetQua, MaNamHoc, MaHocKy, MaMonHoc, MaHocSinh, DiemTB, MaXepLoai) values ('KQ221638','NH2223','1','QP11','22520046',null,null)
insert into DIEM(MaDiem, MaKetQua, MaThanhPhan, Diem) values ('D2216381','KQ221638','CK',5.0)
insert into DIEM(MaDiem, MaKetQua, MaThanhPhan, Diem) values ('D2216382','KQ221638','GK',4.5)
insert into DIEM(MaDiem, MaKetQua, MaThanhPhan, Diem) values ('D2216383','KQ221638','TX',5.0)

insert into KETQUA_MONHOC_HOCSINH(MaKetQua, MaNamHoc, MaHocKy, MaMonHoc, MaHocSinh, DiemTB, MaXepLoai) values ('KQ221639','NH2223','1','SI11','22520046',null,null)
insert into DIEM(MaDiem, MaKetQua, MaThanhPhan, Diem) values ('D2216391','KQ221639','CK',4.0)
insert into DIEM(MaDiem, MaKetQua, MaThanhPhan, Diem) values ('D2216392','KQ221639','GK',7.0)
insert into DIEM(MaDiem, MaKetQua, MaThanhPhan, Diem) values ('D2216393','KQ221639','TX',5.0)

insert into KETQUA_MONHOC_HOCSINH(MaKetQua, MaNamHoc, MaHocKy, MaMonHoc, MaHocSinh, DiemTB, MaXepLoai) values ('KQ221640','NH2223','1','TD11','22520046',null,null)
insert into DIEM(MaDiem, MaKetQua, MaThanhPhan, Diem) values ('D2216401','KQ221640','CK',6.5)
insert into DIEM(MaDiem, MaKetQua, MaThanhPhan, Diem) values ('D2216402','KQ221640','GK',5.0)
insert into DIEM(MaDiem, MaKetQua, MaThanhPhan, Diem) values ('D2216403','KQ221640','TX',5.0)

insert into KETQUA_MONHOC_HOCSINH(MaKetQua, MaNamHoc, MaHocKy, MaMonHoc, MaHocSinh, DiemTB, MaXepLoai) values ('KQ221641','NH2223','1','TI11','22520046',null,null)
insert into DIEM(MaDiem, MaKetQua, MaThanhPhan, Diem) values ('D2216411','KQ221641','CK',6.0)
insert into DIEM(MaDiem, MaKetQua, MaThanhPhan, Diem) values ('D2216412','KQ221641','GK',7.5)
insert into DIEM(MaDiem, MaKetQua, MaThanhPhan, Diem) values ('D2216413','KQ221641','TX',6.5)

insert into KETQUA_MONHOC_HOCSINH(MaKetQua, MaNamHoc, MaHocKy, MaMonHoc, MaHocSinh, DiemTB, MaXepLoai) values ('KQ221642','NH2223','1','TO11','22520046',null,null)
insert into DIEM(MaDiem, MaKetQua, MaThanhPhan, Diem) values ('D2216421','KQ221642','CK',6.0)
insert into DIEM(MaDiem, MaKetQua, MaThanhPhan, Diem) values ('D2216422','KQ221642','GK',7.5)
insert into DIEM(MaDiem, MaKetQua, MaThanhPhan, Diem) values ('D2216423','KQ221642','TX',6.0)

insert into KETQUA_MONHOC_HOCSINH(MaKetQua, MaNamHoc, MaHocKy, MaMonHoc, MaHocSinh, DiemTB, MaXepLoai) values ('KQ221643','NH2223','1','VL11','22520046',null,null)
insert into DIEM(MaDiem, MaKetQua, MaThanhPhan, Diem) values ('D2216431','KQ221643','CK',4.5)
insert into DIEM(MaDiem, MaKetQua, MaThanhPhan, Diem) values ('D2216432','KQ221643','GK',5.5)
insert into DIEM(MaDiem, MaKetQua, MaThanhPhan, Diem) values ('D2216433','KQ221643','TX',5.0)

insert into KETQUA_MONHOC_HOCSINH(MaKetQua, MaNamHoc, MaHocKy, MaMonHoc, MaHocSinh, DiemTB, MaXepLoai) values ('KQ221644','NH2223','2','AV11','22520046',null,null)
insert into DIEM(MaDiem, MaKetQua, MaThanhPhan, Diem) values ('D2216441','KQ221644','CK',6.0)
insert into DIEM(MaDiem, MaKetQua, MaThanhPhan, Diem) values ('D2216442','KQ221644','GK',3.5)
insert into DIEM(MaDiem, MaKetQua, MaThanhPhan, Diem) values ('D2216443','KQ221644','TX',4.5)

insert into KETQUA_MONHOC_HOCSINH(MaKetQua, MaNamHoc, MaHocKy, MaMonHoc, MaHocSinh, DiemTB, MaXepLoai) values ('KQ221645','NH2223','2','CN11','22520046',null,null)
insert into DIEM(MaDiem, MaKetQua, MaThanhPhan, Diem) values ('D2216451','KQ221645','CK',4.0)
insert into DIEM(MaDiem, MaKetQua, MaThanhPhan, Diem) values ('D2216452','KQ221645','GK',4.5)
insert into DIEM(MaDiem, MaKetQua, MaThanhPhan, Diem) values ('D2216453','KQ221645','TX',7.0)

insert into KETQUA_MONHOC_HOCSINH(MaKetQua, MaNamHoc, MaHocKy, MaMonHoc, MaHocSinh, DiemTB, MaXepLoai) values ('KQ221646','NH2223','2','DL11','22520046',null,null)
insert into DIEM(MaDiem, MaKetQua, MaThanhPhan, Diem) values ('D2216461','KQ221646','CK',4.5)
insert into DIEM(MaDiem, MaKetQua, MaThanhPhan, Diem) values ('D2216462','KQ221646','GK',5.5)
insert into DIEM(MaDiem, MaKetQua, MaThanhPhan, Diem) values ('D2216463','KQ221646','TX',4.5)

insert into KETQUA_MONHOC_HOCSINH(MaKetQua, MaNamHoc, MaHocKy, MaMonHoc, MaHocSinh, DiemTB, MaXepLoai) values ('KQ221647','NH2223','2','GD11','22520046',null,null)
insert into DIEM(MaDiem, MaKetQua, MaThanhPhan, Diem) values ('D2216471','KQ221647','CK',4.0)
insert into DIEM(MaDiem, MaKetQua, MaThanhPhan, Diem) values ('D2216472','KQ221647','GK',7.0)
insert into DIEM(MaDiem, MaKetQua, MaThanhPhan, Diem) values ('D2216473','KQ221647','TX',6.5)

insert into KETQUA_MONHOC_HOCSINH(MaKetQua, MaNamHoc, MaHocKy, MaMonHoc, MaHocSinh, DiemTB, MaXepLoai) values ('KQ221648','NH2223','2','HO11','22520046',null,null)
insert into DIEM(MaDiem, MaKetQua, MaThanhPhan, Diem) values ('D2216481','KQ221648','CK',4.0)
insert into DIEM(MaDiem, MaKetQua, MaThanhPhan, Diem) values ('D2216482','KQ221648','GK',5.5)
insert into DIEM(MaDiem, MaKetQua, MaThanhPhan, Diem) values ('D2216483','KQ221648','TX',6.0)

insert into KETQUA_MONHOC_HOCSINH(MaKetQua, MaNamHoc, MaHocKy, MaMonHoc, MaHocSinh, DiemTB, MaXepLoai) values ('KQ221649','NH2223','2','LS11','22520046',null,null)
insert into DIEM(MaDiem, MaKetQua, MaThanhPhan, Diem) values ('D2216491','KQ221649','CK',5.0)
insert into DIEM(MaDiem, MaKetQua, MaThanhPhan, Diem) values ('D2216492','KQ221649','GK',5.0)
insert into DIEM(MaDiem, MaKetQua, MaThanhPhan, Diem) values ('D2216493','KQ221649','TX',4.5)

insert into KETQUA_MONHOC_HOCSINH(MaKetQua, MaNamHoc, MaHocKy, MaMonHoc, MaHocSinh, DiemTB, MaXepLoai) values ('KQ221650','NH2223','2','NV11','22520046',null,null)
insert into DIEM(MaDiem, MaKetQua, MaThanhPhan, Diem) values ('D2216501','KQ221650','CK',5.0)
insert into DIEM(MaDiem, MaKetQua, MaThanhPhan, Diem) values ('D2216502','KQ221650','GK',5.0)
insert into DIEM(MaDiem, MaKetQua, MaThanhPhan, Diem) values ('D2216503','KQ221650','TX',6.5)

insert into KETQUA_MONHOC_HOCSINH(MaKetQua, MaNamHoc, MaHocKy, MaMonHoc, MaHocSinh, DiemTB, MaXepLoai) values ('KQ221651','NH2223','2','QP11','22520046',null,null)
insert into DIEM(MaDiem, MaKetQua, MaThanhPhan, Diem) values ('D2216511','KQ221651','CK',6.0)
insert into DIEM(MaDiem, MaKetQua, MaThanhPhan, Diem) values ('D2216512','KQ221651','GK',6.0)
insert into DIEM(MaDiem, MaKetQua, MaThanhPhan, Diem) values ('D2216513','KQ221651','TX',6.0)

insert into KETQUA_MONHOC_HOCSINH(MaKetQua, MaNamHoc, MaHocKy, MaMonHoc, MaHocSinh, DiemTB, MaXepLoai) values ('KQ221652','NH2223','2','SI11','22520046',null,null)
insert into DIEM(MaDiem, MaKetQua, MaThanhPhan, Diem) values ('D2216521','KQ221652','CK',6.0)
insert into DIEM(MaDiem, MaKetQua, MaThanhPhan, Diem) values ('D2216522','KQ221652','GK',4.5)
insert into DIEM(MaDiem, MaKetQua, MaThanhPhan, Diem) values ('D2216523','KQ221652','TX',4.5)

insert into KETQUA_MONHOC_HOCSINH(MaKetQua, MaNamHoc, MaHocKy, MaMonHoc, MaHocSinh, DiemTB, MaXepLoai) values ('KQ221653','NH2223','2','TD11','22520046',null,null)
insert into DIEM(MaDiem, MaKetQua, MaThanhPhan, Diem) values ('D2216531','KQ221653','CK',5.0)
insert into DIEM(MaDiem, MaKetQua, MaThanhPhan, Diem) values ('D2216532','KQ221653','GK',7.0)
insert into DIEM(MaDiem, MaKetQua, MaThanhPhan, Diem) values ('D2216533','KQ221653','TX',7.5)

insert into KETQUA_MONHOC_HOCSINH(MaKetQua, MaNamHoc, MaHocKy, MaMonHoc, MaHocSinh, DiemTB, MaXepLoai) values ('KQ221654','NH2223','2','TI11','22520046',null,null)
insert into DIEM(MaDiem, MaKetQua, MaThanhPhan, Diem) values ('D2216541','KQ221654','CK',6.5)
insert into DIEM(MaDiem, MaKetQua, MaThanhPhan, Diem) values ('D2216542','KQ221654','GK',4.0)
insert into DIEM(MaDiem, MaKetQua, MaThanhPhan, Diem) values ('D2216543','KQ221654','TX',7.5)

insert into KETQUA_MONHOC_HOCSINH(MaKetQua, MaNamHoc, MaHocKy, MaMonHoc, MaHocSinh, DiemTB, MaXepLoai) values ('KQ221655','NH2223','2','TO11','22520046',null,null)
insert into DIEM(MaDiem, MaKetQua, MaThanhPhan, Diem) values ('D2216551','KQ221655','CK',4.5)
insert into DIEM(MaDiem, MaKetQua, MaThanhPhan, Diem) values ('D2216552','KQ221655','GK',5.5)
insert into DIEM(MaDiem, MaKetQua, MaThanhPhan, Diem) values ('D2216553','KQ221655','TX',5.5)

insert into KETQUA_MONHOC_HOCSINH(MaKetQua, MaNamHoc, MaHocKy, MaMonHoc, MaHocSinh, DiemTB, MaXepLoai) values ('KQ221656','NH2223','2','VL11','22520046',null,null)
insert into DIEM(MaDiem, MaKetQua, MaThanhPhan, Diem) values ('D2216561','KQ221656','CK',5.5)
insert into DIEM(MaDiem, MaKetQua, MaThanhPhan, Diem) values ('D2216562','KQ221656','GK',7.0)
insert into DIEM(MaDiem, MaKetQua, MaThanhPhan, Diem) values ('D2216563','KQ221656','TX',7.0)

insert into KETQUA_MONHOC_HOCSINH(MaKetQua, MaNamHoc, MaHocKy, MaMonHoc, MaHocSinh, DiemTB, MaXepLoai) values ('KQ221657','NH2223','1','AV11','22520047',null,null)
insert into DIEM(MaDiem, MaKetQua, MaThanhPhan, Diem) values ('D2216571','KQ221657','CK',1.0)
insert into DIEM(MaDiem, MaKetQua, MaThanhPhan, Diem) values ('D2216572','KQ221657','GK',2.5)
insert into DIEM(MaDiem, MaKetQua, MaThanhPhan, Diem) values ('D2216573','KQ221657','TX',1.0)

insert into KETQUA_MONHOC_HOCSINH(MaKetQua, MaNamHoc, MaHocKy, MaMonHoc, MaHocSinh, DiemTB, MaXepLoai) values ('KQ221658','NH2223','1','CN11','22520047',null,null)
insert into DIEM(MaDiem, MaKetQua, MaThanhPhan, Diem) values ('D2216581','KQ221658','CK',3.0)
insert into DIEM(MaDiem, MaKetQua, MaThanhPhan, Diem) values ('D2216582','KQ221658','GK',3.5)
insert into DIEM(MaDiem, MaKetQua, MaThanhPhan, Diem) values ('D2216583','KQ221658','TX',1.5)

insert into KETQUA_MONHOC_HOCSINH(MaKetQua, MaNamHoc, MaHocKy, MaMonHoc, MaHocSinh, DiemTB, MaXepLoai) values ('KQ221659','NH2223','1','DL11','22520047',null,null)
insert into DIEM(MaDiem, MaKetQua, MaThanhPhan, Diem) values ('D2216591','KQ221659','CK',2.0)
insert into DIEM(MaDiem, MaKetQua, MaThanhPhan, Diem) values ('D2216592','KQ221659','GK',3.0)
insert into DIEM(MaDiem, MaKetQua, MaThanhPhan, Diem) values ('D2216593','KQ221659','TX',2.5)

insert into KETQUA_MONHOC_HOCSINH(MaKetQua, MaNamHoc, MaHocKy, MaMonHoc, MaHocSinh, DiemTB, MaXepLoai) values ('KQ221660','NH2223','1','GD11','22520047',null,null)
insert into DIEM(MaDiem, MaKetQua, MaThanhPhan, Diem) values ('D2216601','KQ221660','CK',2.5)
insert into DIEM(MaDiem, MaKetQua, MaThanhPhan, Diem) values ('D2216602','KQ221660','GK',4.0)
insert into DIEM(MaDiem, MaKetQua, MaThanhPhan, Diem) values ('D2216603','KQ221660','TX',3.5)

insert into KETQUA_MONHOC_HOCSINH(MaKetQua, MaNamHoc, MaHocKy, MaMonHoc, MaHocSinh, DiemTB, MaXepLoai) values ('KQ221661','NH2223','1','HO11','22520047',null,null)
insert into DIEM(MaDiem, MaKetQua, MaThanhPhan, Diem) values ('D2216611','KQ221661','CK',4.0)
insert into DIEM(MaDiem, MaKetQua, MaThanhPhan, Diem) values ('D2216612','KQ221661','GK',2.0)
insert into DIEM(MaDiem, MaKetQua, MaThanhPhan, Diem) values ('D2216613','KQ221661','TX',3.0)

insert into KETQUA_MONHOC_HOCSINH(MaKetQua, MaNamHoc, MaHocKy, MaMonHoc, MaHocSinh, DiemTB, MaXepLoai) values ('KQ221662','NH2223','1','LS11','22520047',null,null)
insert into DIEM(MaDiem, MaKetQua, MaThanhPhan, Diem) values ('D2216621','KQ221662','CK',1.5)
insert into DIEM(MaDiem, MaKetQua, MaThanhPhan, Diem) values ('D2216622','KQ221662','GK',4.0)
insert into DIEM(MaDiem, MaKetQua, MaThanhPhan, Diem) values ('D2216623','KQ221662','TX',4.0)

insert into KETQUA_MONHOC_HOCSINH(MaKetQua, MaNamHoc, MaHocKy, MaMonHoc, MaHocSinh, DiemTB, MaXepLoai) values ('KQ221663','NH2223','1','NV11','22520047',null,null)
insert into DIEM(MaDiem, MaKetQua, MaThanhPhan, Diem) values ('D2216631','KQ221663','CK',3.5)
insert into DIEM(MaDiem, MaKetQua, MaThanhPhan, Diem) values ('D2216632','KQ221663','GK',2.0)
insert into DIEM(MaDiem, MaKetQua, MaThanhPhan, Diem) values ('D2216633','KQ221663','TX',1.0)

insert into KETQUA_MONHOC_HOCSINH(MaKetQua, MaNamHoc, MaHocKy, MaMonHoc, MaHocSinh, DiemTB, MaXepLoai) values ('KQ221664','NH2223','1','QP11','22520047',null,null)
insert into DIEM(MaDiem, MaKetQua, MaThanhPhan, Diem) values ('D2216641','KQ221664','CK',2.0)
insert into DIEM(MaDiem, MaKetQua, MaThanhPhan, Diem) values ('D2216642','KQ221664','GK',4.0)
insert into DIEM(MaDiem, MaKetQua, MaThanhPhan, Diem) values ('D2216643','KQ221664','TX',3.5)

insert into KETQUA_MONHOC_HOCSINH(MaKetQua, MaNamHoc, MaHocKy, MaMonHoc, MaHocSinh, DiemTB, MaXepLoai) values ('KQ221665','NH2223','1','SI11','22520047',null,null)
insert into DIEM(MaDiem, MaKetQua, MaThanhPhan, Diem) values ('D2216651','KQ221665','CK',3.5)
insert into DIEM(MaDiem, MaKetQua, MaThanhPhan, Diem) values ('D2216652','KQ221665','GK',3.0)
insert into DIEM(MaDiem, MaKetQua, MaThanhPhan, Diem) values ('D2216653','KQ221665','TX',1.5)

insert into KETQUA_MONHOC_HOCSINH(MaKetQua, MaNamHoc, MaHocKy, MaMonHoc, MaHocSinh, DiemTB, MaXepLoai) values ('KQ221666','NH2223','1','TD11','22520047',null,null)
insert into DIEM(MaDiem, MaKetQua, MaThanhPhan, Diem) values ('D2216661','KQ221666','CK',1.0)
insert into DIEM(MaDiem, MaKetQua, MaThanhPhan, Diem) values ('D2216662','KQ221666','GK',3.5)
insert into DIEM(MaDiem, MaKetQua, MaThanhPhan, Diem) values ('D2216663','KQ221666','TX',1.5)

insert into KETQUA_MONHOC_HOCSINH(MaKetQua, MaNamHoc, MaHocKy, MaMonHoc, MaHocSinh, DiemTB, MaXepLoai) values ('KQ221667','NH2223','1','TI11','22520047',null,null)
insert into DIEM(MaDiem, MaKetQua, MaThanhPhan, Diem) values ('D2216671','KQ221667','CK',1.0)
insert into DIEM(MaDiem, MaKetQua, MaThanhPhan, Diem) values ('D2216672','KQ221667','GK',3.0)
insert into DIEM(MaDiem, MaKetQua, MaThanhPhan, Diem) values ('D2216673','KQ221667','TX',2.5)

insert into KETQUA_MONHOC_HOCSINH(MaKetQua, MaNamHoc, MaHocKy, MaMonHoc, MaHocSinh, DiemTB, MaXepLoai) values ('KQ221668','NH2223','1','TO11','22520047',null,null)
insert into DIEM(MaDiem, MaKetQua, MaThanhPhan, Diem) values ('D2216681','KQ221668','CK',1.0)
insert into DIEM(MaDiem, MaKetQua, MaThanhPhan, Diem) values ('D2216682','KQ221668','GK',4.0)
insert into DIEM(MaDiem, MaKetQua, MaThanhPhan, Diem) values ('D2216683','KQ221668','TX',3.5)

insert into KETQUA_MONHOC_HOCSINH(MaKetQua, MaNamHoc, MaHocKy, MaMonHoc, MaHocSinh, DiemTB, MaXepLoai) values ('KQ221669','NH2223','1','VL11','22520047',null,null)
insert into DIEM(MaDiem, MaKetQua, MaThanhPhan, Diem) values ('D2216691','KQ221669','CK',3.0)
insert into DIEM(MaDiem, MaKetQua, MaThanhPhan, Diem) values ('D2216692','KQ221669','GK',1.0)
insert into DIEM(MaDiem, MaKetQua, MaThanhPhan, Diem) values ('D2216693','KQ221669','TX',2.5)

insert into KETQUA_MONHOC_HOCSINH(MaKetQua, MaNamHoc, MaHocKy, MaMonHoc, MaHocSinh, DiemTB, MaXepLoai) values ('KQ221670','NH2223','2','AV11','22520047',null,null)
insert into DIEM(MaDiem, MaKetQua, MaThanhPhan, Diem) values ('D2216701','KQ221670','CK',2.0)
insert into DIEM(MaDiem, MaKetQua, MaThanhPhan, Diem) values ('D2216702','KQ221670','GK',3.5)
insert into DIEM(MaDiem, MaKetQua, MaThanhPhan, Diem) values ('D2216703','KQ221670','TX',2.0)

insert into KETQUA_MONHOC_HOCSINH(MaKetQua, MaNamHoc, MaHocKy, MaMonHoc, MaHocSinh, DiemTB, MaXepLoai) values ('KQ221671','NH2223','2','CN11','22520047',null,null)
insert into DIEM(MaDiem, MaKetQua, MaThanhPhan, Diem) values ('D2216711','KQ221671','CK',1.0)
insert into DIEM(MaDiem, MaKetQua, MaThanhPhan, Diem) values ('D2216712','KQ221671','GK',1.5)
insert into DIEM(MaDiem, MaKetQua, MaThanhPhan, Diem) values ('D2216713','KQ221671','TX',2.0)

insert into KETQUA_MONHOC_HOCSINH(MaKetQua, MaNamHoc, MaHocKy, MaMonHoc, MaHocSinh, DiemTB, MaXepLoai) values ('KQ221672','NH2223','2','DL11','22520047',null,null)
insert into DIEM(MaDiem, MaKetQua, MaThanhPhan, Diem) values ('D2216721','KQ221672','CK',1.0)
insert into DIEM(MaDiem, MaKetQua, MaThanhPhan, Diem) values ('D2216722','KQ221672','GK',1.5)
insert into DIEM(MaDiem, MaKetQua, MaThanhPhan, Diem) values ('D2216723','KQ221672','TX',1.0)

insert into KETQUA_MONHOC_HOCSINH(MaKetQua, MaNamHoc, MaHocKy, MaMonHoc, MaHocSinh, DiemTB, MaXepLoai) values ('KQ221673','NH2223','2','GD11','22520047',null,null)
insert into DIEM(MaDiem, MaKetQua, MaThanhPhan, Diem) values ('D2216731','KQ221673','CK',2.5)
insert into DIEM(MaDiem, MaKetQua, MaThanhPhan, Diem) values ('D2216732','KQ221673','GK',3.5)
insert into DIEM(MaDiem, MaKetQua, MaThanhPhan, Diem) values ('D2216733','KQ221673','TX',1.5)

insert into KETQUA_MONHOC_HOCSINH(MaKetQua, MaNamHoc, MaHocKy, MaMonHoc, MaHocSinh, DiemTB, MaXepLoai) values ('KQ221674','NH2223','2','HO11','22520047',null,null)
insert into DIEM(MaDiem, MaKetQua, MaThanhPhan, Diem) values ('D2216741','KQ221674','CK',1.0)
insert into DIEM(MaDiem, MaKetQua, MaThanhPhan, Diem) values ('D2216742','KQ221674','GK',3.0)
insert into DIEM(MaDiem, MaKetQua, MaThanhPhan, Diem) values ('D2216743','KQ221674','TX',1.5)

insert into KETQUA_MONHOC_HOCSINH(MaKetQua, MaNamHoc, MaHocKy, MaMonHoc, MaHocSinh, DiemTB, MaXepLoai) values ('KQ221675','NH2223','2','LS11','22520047',null,null)
insert into DIEM(MaDiem, MaKetQua, MaThanhPhan, Diem) values ('D2216751','KQ221675','CK',1.0)
insert into DIEM(MaDiem, MaKetQua, MaThanhPhan, Diem) values ('D2216752','KQ221675','GK',1.0)
insert into DIEM(MaDiem, MaKetQua, MaThanhPhan, Diem) values ('D2216753','KQ221675','TX',4.0)

insert into KETQUA_MONHOC_HOCSINH(MaKetQua, MaNamHoc, MaHocKy, MaMonHoc, MaHocSinh, DiemTB, MaXepLoai) values ('KQ221676','NH2223','2','NV11','22520047',null,null)
insert into DIEM(MaDiem, MaKetQua, MaThanhPhan, Diem) values ('D2216761','KQ221676','CK',3.0)
insert into DIEM(MaDiem, MaKetQua, MaThanhPhan, Diem) values ('D2216762','KQ221676','GK',1.0)
insert into DIEM(MaDiem, MaKetQua, MaThanhPhan, Diem) values ('D2216763','KQ221676','TX',2.5)

insert into KETQUA_MONHOC_HOCSINH(MaKetQua, MaNamHoc, MaHocKy, MaMonHoc, MaHocSinh, DiemTB, MaXepLoai) values ('KQ221677','NH2223','2','QP11','22520047',null,null)
insert into DIEM(MaDiem, MaKetQua, MaThanhPhan, Diem) values ('D2216771','KQ221677','CK',1.0)
insert into DIEM(MaDiem, MaKetQua, MaThanhPhan, Diem) values ('D2216772','KQ221677','GK',3.0)
insert into DIEM(MaDiem, MaKetQua, MaThanhPhan, Diem) values ('D2216773','KQ221677','TX',1.0)

insert into KETQUA_MONHOC_HOCSINH(MaKetQua, MaNamHoc, MaHocKy, MaMonHoc, MaHocSinh, DiemTB, MaXepLoai) values ('KQ221678','NH2223','2','SI11','22520047',null,null)
insert into DIEM(MaDiem, MaKetQua, MaThanhPhan, Diem) values ('D2216781','KQ221678','CK',2.5)
insert into DIEM(MaDiem, MaKetQua, MaThanhPhan, Diem) values ('D2216782','KQ221678','GK',1.0)
insert into DIEM(MaDiem, MaKetQua, MaThanhPhan, Diem) values ('D2216783','KQ221678','TX',2.5)

insert into KETQUA_MONHOC_HOCSINH(MaKetQua, MaNamHoc, MaHocKy, MaMonHoc, MaHocSinh, DiemTB, MaXepLoai) values ('KQ221679','NH2223','2','TD11','22520047',null,null)
insert into DIEM(MaDiem, MaKetQua, MaThanhPhan, Diem) values ('D2216791','KQ221679','CK',3.0)
insert into DIEM(MaDiem, MaKetQua, MaThanhPhan, Diem) values ('D2216792','KQ221679','GK',1.0)
insert into DIEM(MaDiem, MaKetQua, MaThanhPhan, Diem) values ('D2216793','KQ221679','TX',4.0)

insert into KETQUA_MONHOC_HOCSINH(MaKetQua, MaNamHoc, MaHocKy, MaMonHoc, MaHocSinh, DiemTB, MaXepLoai) values ('KQ221680','NH2223','2','TI11','22520047',null,null)
insert into DIEM(MaDiem, MaKetQua, MaThanhPhan, Diem) values ('D2216801','KQ221680','CK',3.5)
insert into DIEM(MaDiem, MaKetQua, MaThanhPhan, Diem) values ('D2216802','KQ221680','GK',3.0)
insert into DIEM(MaDiem, MaKetQua, MaThanhPhan, Diem) values ('D2216803','KQ221680','TX',3.5)

insert into KETQUA_MONHOC_HOCSINH(MaKetQua, MaNamHoc, MaHocKy, MaMonHoc, MaHocSinh, DiemTB, MaXepLoai) values ('KQ221681','NH2223','2','TO11','22520047',null,null)
insert into DIEM(MaDiem, MaKetQua, MaThanhPhan, Diem) values ('D2216811','KQ221681','CK',1.5)
insert into DIEM(MaDiem, MaKetQua, MaThanhPhan, Diem) values ('D2216812','KQ221681','GK',4.0)
insert into DIEM(MaDiem, MaKetQua, MaThanhPhan, Diem) values ('D2216813','KQ221681','TX',1.0)

insert into KETQUA_MONHOC_HOCSINH(MaKetQua, MaNamHoc, MaHocKy, MaMonHoc, MaHocSinh, DiemTB, MaXepLoai) values ('KQ221682','NH2223','2','VL11','22520047',null,null)
insert into DIEM(MaDiem, MaKetQua, MaThanhPhan, Diem) values ('D2216821','KQ221682','CK',1.5)
insert into DIEM(MaDiem, MaKetQua, MaThanhPhan, Diem) values ('D2216822','KQ221682','GK',4.0)
insert into DIEM(MaDiem, MaKetQua, MaThanhPhan, Diem) values ('D2216823','KQ221682','TX',3.5)

insert into KETQUA_MONHOC_HOCSINH(MaKetQua, MaNamHoc, MaHocKy, MaMonHoc, MaHocSinh, DiemTB, MaXepLoai) values ('KQ221683','NH2223','1','AV12','22520048',null,null)
insert into DIEM(MaDiem, MaKetQua, MaThanhPhan, Diem) values ('D2216831','KQ221683','CK',2.5)
insert into DIEM(MaDiem, MaKetQua, MaThanhPhan, Diem) values ('D2216832','KQ221683','GK',3.0)
insert into DIEM(MaDiem, MaKetQua, MaThanhPhan, Diem) values ('D2216833','KQ221683','TX',3.5)

insert into KETQUA_MONHOC_HOCSINH(MaKetQua, MaNamHoc, MaHocKy, MaMonHoc, MaHocSinh, DiemTB, MaXepLoai) values ('KQ221684','NH2223','1','CN12','22520048',null,null)
insert into DIEM(MaDiem, MaKetQua, MaThanhPhan, Diem) values ('D2216841','KQ221684','CK',1.0)
insert into DIEM(MaDiem, MaKetQua, MaThanhPhan, Diem) values ('D2216842','KQ221684','GK',3.5)
insert into DIEM(MaDiem, MaKetQua, MaThanhPhan, Diem) values ('D2216843','KQ221684','TX',2.0)

insert into KETQUA_MONHOC_HOCSINH(MaKetQua, MaNamHoc, MaHocKy, MaMonHoc, MaHocSinh, DiemTB, MaXepLoai) values ('KQ221685','NH2223','1','DL12','22520048',null,null)
insert into DIEM(MaDiem, MaKetQua, MaThanhPhan, Diem) values ('D2216851','KQ221685','CK',1.5)
insert into DIEM(MaDiem, MaKetQua, MaThanhPhan, Diem) values ('D2216852','KQ221685','GK',2.0)
insert into DIEM(MaDiem, MaKetQua, MaThanhPhan, Diem) values ('D2216853','KQ221685','TX',4.0)

insert into KETQUA_MONHOC_HOCSINH(MaKetQua, MaNamHoc, MaHocKy, MaMonHoc, MaHocSinh, DiemTB, MaXepLoai) values ('KQ221686','NH2223','1','GD12','22520048',null,null)
insert into DIEM(MaDiem, MaKetQua, MaThanhPhan, Diem) values ('D2216861','KQ221686','CK',3.5)
insert into DIEM(MaDiem, MaKetQua, MaThanhPhan, Diem) values ('D2216862','KQ221686','GK',1.5)
insert into DIEM(MaDiem, MaKetQua, MaThanhPhan, Diem) values ('D2216863','KQ221686','TX',3.5)

insert into KETQUA_MONHOC_HOCSINH(MaKetQua, MaNamHoc, MaHocKy, MaMonHoc, MaHocSinh, DiemTB, MaXepLoai) values ('KQ221687','NH2223','1','HO12','22520048',null,null)
insert into DIEM(MaDiem, MaKetQua, MaThanhPhan, Diem) values ('D2216871','KQ221687','CK',3.0)
insert into DIEM(MaDiem, MaKetQua, MaThanhPhan, Diem) values ('D2216872','KQ221687','GK',3.5)
insert into DIEM(MaDiem, MaKetQua, MaThanhPhan, Diem) values ('D2216873','KQ221687','TX',3.5)

insert into KETQUA_MONHOC_HOCSINH(MaKetQua, MaNamHoc, MaHocKy, MaMonHoc, MaHocSinh, DiemTB, MaXepLoai) values ('KQ221688','NH2223','1','LS12','22520048',null,null)
insert into DIEM(MaDiem, MaKetQua, MaThanhPhan, Diem) values ('D2216881','KQ221688','CK',2.5)
insert into DIEM(MaDiem, MaKetQua, MaThanhPhan, Diem) values ('D2216882','KQ221688','GK',1.5)
insert into DIEM(MaDiem, MaKetQua, MaThanhPhan, Diem) values ('D2216883','KQ221688','TX',2.5)

insert into KETQUA_MONHOC_HOCSINH(MaKetQua, MaNamHoc, MaHocKy, MaMonHoc, MaHocSinh, DiemTB, MaXepLoai) values ('KQ221689','NH2223','1','NV12','22520048',null,null)
insert into DIEM(MaDiem, MaKetQua, MaThanhPhan, Diem) values ('D2216891','KQ221689','CK',4.0)
insert into DIEM(MaDiem, MaKetQua, MaThanhPhan, Diem) values ('D2216892','KQ221689','GK',3.5)
insert into DIEM(MaDiem, MaKetQua, MaThanhPhan, Diem) values ('D2216893','KQ221689','TX',1.5)

insert into KETQUA_MONHOC_HOCSINH(MaKetQua, MaNamHoc, MaHocKy, MaMonHoc, MaHocSinh, DiemTB, MaXepLoai) values ('KQ221690','NH2223','1','QP12','22520048',null,null)
insert into DIEM(MaDiem, MaKetQua, MaThanhPhan, Diem) values ('D2216901','KQ221690','CK',1.0)
insert into DIEM(MaDiem, MaKetQua, MaThanhPhan, Diem) values ('D2216902','KQ221690','GK',2.5)
insert into DIEM(MaDiem, MaKetQua, MaThanhPhan, Diem) values ('D2216903','KQ221690','TX',1.0)

insert into KETQUA_MONHOC_HOCSINH(MaKetQua, MaNamHoc, MaHocKy, MaMonHoc, MaHocSinh, DiemTB, MaXepLoai) values ('KQ221691','NH2223','1','SI12','22520048',null,null)
insert into DIEM(MaDiem, MaKetQua, MaThanhPhan, Diem) values ('D2216911','KQ221691','CK',1.0)
insert into DIEM(MaDiem, MaKetQua, MaThanhPhan, Diem) values ('D2216912','KQ221691','GK',4.0)
insert into DIEM(MaDiem, MaKetQua, MaThanhPhan, Diem) values ('D2216913','KQ221691','TX',4.0)

insert into KETQUA_MONHOC_HOCSINH(MaKetQua, MaNamHoc, MaHocKy, MaMonHoc, MaHocSinh, DiemTB, MaXepLoai) values ('KQ221692','NH2223','1','TD12','22520048',null,null)
insert into DIEM(MaDiem, MaKetQua, MaThanhPhan, Diem) values ('D2216921','KQ221692','CK',2.5)
insert into DIEM(MaDiem, MaKetQua, MaThanhPhan, Diem) values ('D2216922','KQ221692','GK',1.5)
insert into DIEM(MaDiem, MaKetQua, MaThanhPhan, Diem) values ('D2216923','KQ221692','TX',3.0)

insert into KETQUA_MONHOC_HOCSINH(MaKetQua, MaNamHoc, MaHocKy, MaMonHoc, MaHocSinh, DiemTB, MaXepLoai) values ('KQ221693','NH2223','1','TI12','22520048',null,null)
insert into DIEM(MaDiem, MaKetQua, MaThanhPhan, Diem) values ('D2216931','KQ221693','CK',2.0)
insert into DIEM(MaDiem, MaKetQua, MaThanhPhan, Diem) values ('D2216932','KQ221693','GK',1.5)
insert into DIEM(MaDiem, MaKetQua, MaThanhPhan, Diem) values ('D2216933','KQ221693','TX',1.5)

insert into KETQUA_MONHOC_HOCSINH(MaKetQua, MaNamHoc, MaHocKy, MaMonHoc, MaHocSinh, DiemTB, MaXepLoai) values ('KQ221694','NH2223','1','TO12','22520048',null,null)
insert into DIEM(MaDiem, MaKetQua, MaThanhPhan, Diem) values ('D2216941','KQ221694','CK',3.5)
insert into DIEM(MaDiem, MaKetQua, MaThanhPhan, Diem) values ('D2216942','KQ221694','GK',1.5)
insert into DIEM(MaDiem, MaKetQua, MaThanhPhan, Diem) values ('D2216943','KQ221694','TX',1.5)

insert into KETQUA_MONHOC_HOCSINH(MaKetQua, MaNamHoc, MaHocKy, MaMonHoc, MaHocSinh, DiemTB, MaXepLoai) values ('KQ221695','NH2223','1','VL12','22520048',null,null)
insert into DIEM(MaDiem, MaKetQua, MaThanhPhan, Diem) values ('D2216951','KQ221695','CK',1.5)
insert into DIEM(MaDiem, MaKetQua, MaThanhPhan, Diem) values ('D2216952','KQ221695','GK',2.5)
insert into DIEM(MaDiem, MaKetQua, MaThanhPhan, Diem) values ('D2216953','KQ221695','TX',1.5)

insert into KETQUA_MONHOC_HOCSINH(MaKetQua, MaNamHoc, MaHocKy, MaMonHoc, MaHocSinh, DiemTB, MaXepLoai) values ('KQ221696','NH2223','2','AV12','22520048',null,null)
insert into DIEM(MaDiem, MaKetQua, MaThanhPhan, Diem) values ('D2216961','KQ221696','CK',3.0)
insert into DIEM(MaDiem, MaKetQua, MaThanhPhan, Diem) values ('D2216962','KQ221696','GK',3.5)
insert into DIEM(MaDiem, MaKetQua, MaThanhPhan, Diem) values ('D2216963','KQ221696','TX',2.5)

insert into KETQUA_MONHOC_HOCSINH(MaKetQua, MaNamHoc, MaHocKy, MaMonHoc, MaHocSinh, DiemTB, MaXepLoai) values ('KQ221697','NH2223','2','CN12','22520048',null,null)
insert into DIEM(MaDiem, MaKetQua, MaThanhPhan, Diem) values ('D2216971','KQ221697','CK',2.0)
insert into DIEM(MaDiem, MaKetQua, MaThanhPhan, Diem) values ('D2216972','KQ221697','GK',3.5)
insert into DIEM(MaDiem, MaKetQua, MaThanhPhan, Diem) values ('D2216973','KQ221697','TX',3.0)

insert into KETQUA_MONHOC_HOCSINH(MaKetQua, MaNamHoc, MaHocKy, MaMonHoc, MaHocSinh, DiemTB, MaXepLoai) values ('KQ221698','NH2223','2','DL12','22520048',null,null)
insert into DIEM(MaDiem, MaKetQua, MaThanhPhan, Diem) values ('D2216981','KQ221698','CK',4.0)
insert into DIEM(MaDiem, MaKetQua, MaThanhPhan, Diem) values ('D2216982','KQ221698','GK',3.5)
insert into DIEM(MaDiem, MaKetQua, MaThanhPhan, Diem) values ('D2216983','KQ221698','TX',3.5)

insert into KETQUA_MONHOC_HOCSINH(MaKetQua, MaNamHoc, MaHocKy, MaMonHoc, MaHocSinh, DiemTB, MaXepLoai) values ('KQ221699','NH2223','2','GD12','22520048',null,null)
insert into DIEM(MaDiem, MaKetQua, MaThanhPhan, Diem) values ('D2216991','KQ221699','CK',2.0)
insert into DIEM(MaDiem, MaKetQua, MaThanhPhan, Diem) values ('D2216992','KQ221699','GK',2.0)
insert into DIEM(MaDiem, MaKetQua, MaThanhPhan, Diem) values ('D2216993','KQ221699','TX',2.0)

insert into KETQUA_MONHOC_HOCSINH(MaKetQua, MaNamHoc, MaHocKy, MaMonHoc, MaHocSinh, DiemTB, MaXepLoai) values ('KQ221700','NH2223','2','HO12','22520048',null,null)
insert into DIEM(MaDiem, MaKetQua, MaThanhPhan, Diem) values ('D2217001','KQ221700','CK',2.5)
insert into DIEM(MaDiem, MaKetQua, MaThanhPhan, Diem) values ('D2217002','KQ221700','GK',1.5)
insert into DIEM(MaDiem, MaKetQua, MaThanhPhan, Diem) values ('D2217003','KQ221700','TX',1.5)

insert into KETQUA_MONHOC_HOCSINH(MaKetQua, MaNamHoc, MaHocKy, MaMonHoc, MaHocSinh, DiemTB, MaXepLoai) values ('KQ221701','NH2223','2','LS12','22520048',null,null)
insert into DIEM(MaDiem, MaKetQua, MaThanhPhan, Diem) values ('D2217011','KQ221701','CK',1.5)
insert into DIEM(MaDiem, MaKetQua, MaThanhPhan, Diem) values ('D2217012','KQ221701','GK',4.0)
insert into DIEM(MaDiem, MaKetQua, MaThanhPhan, Diem) values ('D2217013','KQ221701','TX',2.5)

insert into KETQUA_MONHOC_HOCSINH(MaKetQua, MaNamHoc, MaHocKy, MaMonHoc, MaHocSinh, DiemTB, MaXepLoai) values ('KQ221702','NH2223','2','NV12','22520048',null,null)
insert into DIEM(MaDiem, MaKetQua, MaThanhPhan, Diem) values ('D2217021','KQ221702','CK',2.0)
insert into DIEM(MaDiem, MaKetQua, MaThanhPhan, Diem) values ('D2217022','KQ221702','GK',1.0)
insert into DIEM(MaDiem, MaKetQua, MaThanhPhan, Diem) values ('D2217023','KQ221702','TX',2.5)

insert into KETQUA_MONHOC_HOCSINH(MaKetQua, MaNamHoc, MaHocKy, MaMonHoc, MaHocSinh, DiemTB, MaXepLoai) values ('KQ221703','NH2223','2','QP12','22520048',null,null)
insert into DIEM(MaDiem, MaKetQua, MaThanhPhan, Diem) values ('D2217031','KQ221703','CK',4.0)
insert into DIEM(MaDiem, MaKetQua, MaThanhPhan, Diem) values ('D2217032','KQ221703','GK',2.0)
insert into DIEM(MaDiem, MaKetQua, MaThanhPhan, Diem) values ('D2217033','KQ221703','TX',3.5)

insert into KETQUA_MONHOC_HOCSINH(MaKetQua, MaNamHoc, MaHocKy, MaMonHoc, MaHocSinh, DiemTB, MaXepLoai) values ('KQ221704','NH2223','2','SI12','22520048',null,null)
insert into DIEM(MaDiem, MaKetQua, MaThanhPhan, Diem) values ('D2217041','KQ221704','CK',3.0)
insert into DIEM(MaDiem, MaKetQua, MaThanhPhan, Diem) values ('D2217042','KQ221704','GK',3.5)
insert into DIEM(MaDiem, MaKetQua, MaThanhPhan, Diem) values ('D2217043','KQ221704','TX',2.5)

insert into KETQUA_MONHOC_HOCSINH(MaKetQua, MaNamHoc, MaHocKy, MaMonHoc, MaHocSinh, DiemTB, MaXepLoai) values ('KQ221705','NH2223','2','TD12','22520048',null,null)
insert into DIEM(MaDiem, MaKetQua, MaThanhPhan, Diem) values ('D2217051','KQ221705','CK',1.0)
insert into DIEM(MaDiem, MaKetQua, MaThanhPhan, Diem) values ('D2217052','KQ221705','GK',2.0)
insert into DIEM(MaDiem, MaKetQua, MaThanhPhan, Diem) values ('D2217053','KQ221705','TX',2.0)

insert into KETQUA_MONHOC_HOCSINH(MaKetQua, MaNamHoc, MaHocKy, MaMonHoc, MaHocSinh, DiemTB, MaXepLoai) values ('KQ221706','NH2223','2','TI12','22520048',null,null)
insert into DIEM(MaDiem, MaKetQua, MaThanhPhan, Diem) values ('D2217061','KQ221706','CK',2.0)
insert into DIEM(MaDiem, MaKetQua, MaThanhPhan, Diem) values ('D2217062','KQ221706','GK',3.0)
insert into DIEM(MaDiem, MaKetQua, MaThanhPhan, Diem) values ('D2217063','KQ221706','TX',1.5)

insert into KETQUA_MONHOC_HOCSINH(MaKetQua, MaNamHoc, MaHocKy, MaMonHoc, MaHocSinh, DiemTB, MaXepLoai) values ('KQ221707','NH2223','2','TO12','22520048',null,null)
insert into DIEM(MaDiem, MaKetQua, MaThanhPhan, Diem) values ('D2217071','KQ221707','CK',2.0)
insert into DIEM(MaDiem, MaKetQua, MaThanhPhan, Diem) values ('D2217072','KQ221707','GK',2.5)
insert into DIEM(MaDiem, MaKetQua, MaThanhPhan, Diem) values ('D2217073','KQ221707','TX',1.5)

insert into KETQUA_MONHOC_HOCSINH(MaKetQua, MaNamHoc, MaHocKy, MaMonHoc, MaHocSinh, DiemTB, MaXepLoai) values ('KQ221708','NH2223','2','VL12','22520048',null,null)
insert into DIEM(MaDiem, MaKetQua, MaThanhPhan, Diem) values ('D2217081','KQ221708','CK',1.0)
insert into DIEM(MaDiem, MaKetQua, MaThanhPhan, Diem) values ('D2217082','KQ221708','GK',4.0)
insert into DIEM(MaDiem, MaKetQua, MaThanhPhan, Diem) values ('D2217083','KQ221708','TX',2.5)

insert into KETQUA_MONHOC_HOCSINH(MaKetQua, MaNamHoc, MaHocKy, MaMonHoc, MaHocSinh, DiemTB, MaXepLoai) values ('KQ221709','NH2223','1','AV12','22520049',null,null)
insert into DIEM(MaDiem, MaKetQua, MaThanhPhan, Diem) values ('D2217091','KQ221709','CK',8.5)
insert into DIEM(MaDiem, MaKetQua, MaThanhPhan, Diem) values ('D2217092','KQ221709','GK',10.0)
insert into DIEM(MaDiem, MaKetQua, MaThanhPhan, Diem) values ('D2217093','KQ221709','TX',9.0)

insert into KETQUA_MONHOC_HOCSINH(MaKetQua, MaNamHoc, MaHocKy, MaMonHoc, MaHocSinh, DiemTB, MaXepLoai) values ('KQ221710','NH2223','1','CN12','22520049',null,null)
insert into DIEM(MaDiem, MaKetQua, MaThanhPhan, Diem) values ('D2217101','KQ221710','CK',9.5)
insert into DIEM(MaDiem, MaKetQua, MaThanhPhan, Diem) values ('D2217102','KQ221710','GK',9.5)
insert into DIEM(MaDiem, MaKetQua, MaThanhPhan, Diem) values ('D2217103','KQ221710','TX',10.0)

insert into KETQUA_MONHOC_HOCSINH(MaKetQua, MaNamHoc, MaHocKy, MaMonHoc, MaHocSinh, DiemTB, MaXepLoai) values ('KQ221711','NH2223','1','DL12','22520049',null,null)
insert into DIEM(MaDiem, MaKetQua, MaThanhPhan, Diem) values ('D2217111','KQ221711','CK',8.5)
insert into DIEM(MaDiem, MaKetQua, MaThanhPhan, Diem) values ('D2217112','KQ221711','GK',9.5)
insert into DIEM(MaDiem, MaKetQua, MaThanhPhan, Diem) values ('D2217113','KQ221711','TX',10.0)

insert into KETQUA_MONHOC_HOCSINH(MaKetQua, MaNamHoc, MaHocKy, MaMonHoc, MaHocSinh, DiemTB, MaXepLoai) values ('KQ221712','NH2223','1','GD12','22520049',null,null)
insert into DIEM(MaDiem, MaKetQua, MaThanhPhan, Diem) values ('D2217121','KQ221712','CK',10.0)
insert into DIEM(MaDiem, MaKetQua, MaThanhPhan, Diem) values ('D2217122','KQ221712','GK',10.0)
insert into DIEM(MaDiem, MaKetQua, MaThanhPhan, Diem) values ('D2217123','KQ221712','TX',8.5)

insert into KETQUA_MONHOC_HOCSINH(MaKetQua, MaNamHoc, MaHocKy, MaMonHoc, MaHocSinh, DiemTB, MaXepLoai) values ('KQ221713','NH2223','1','HO12','22520049',null,null)
insert into DIEM(MaDiem, MaKetQua, MaThanhPhan, Diem) values ('D2217131','KQ221713','CK',8.0)
insert into DIEM(MaDiem, MaKetQua, MaThanhPhan, Diem) values ('D2217132','KQ221713','GK',8.5)
insert into DIEM(MaDiem, MaKetQua, MaThanhPhan, Diem) values ('D2217133','KQ221713','TX',10.0)

insert into KETQUA_MONHOC_HOCSINH(MaKetQua, MaNamHoc, MaHocKy, MaMonHoc, MaHocSinh, DiemTB, MaXepLoai) values ('KQ221714','NH2223','1','LS12','22520049',null,null)
insert into DIEM(MaDiem, MaKetQua, MaThanhPhan, Diem) values ('D2217141','KQ221714','CK',8.5)
insert into DIEM(MaDiem, MaKetQua, MaThanhPhan, Diem) values ('D2217142','KQ221714','GK',9.0)
insert into DIEM(MaDiem, MaKetQua, MaThanhPhan, Diem) values ('D2217143','KQ221714','TX',8.0)

insert into KETQUA_MONHOC_HOCSINH(MaKetQua, MaNamHoc, MaHocKy, MaMonHoc, MaHocSinh, DiemTB, MaXepLoai) values ('KQ221715','NH2223','1','NV12','22520049',null,null)
insert into DIEM(MaDiem, MaKetQua, MaThanhPhan, Diem) values ('D2217151','KQ221715','CK',10.0)
insert into DIEM(MaDiem, MaKetQua, MaThanhPhan, Diem) values ('D2217152','KQ221715','GK',9.0)
insert into DIEM(MaDiem, MaKetQua, MaThanhPhan, Diem) values ('D2217153','KQ221715','TX',9.0)

insert into KETQUA_MONHOC_HOCSINH(MaKetQua, MaNamHoc, MaHocKy, MaMonHoc, MaHocSinh, DiemTB, MaXepLoai) values ('KQ221716','NH2223','1','QP12','22520049',null,null)
insert into DIEM(MaDiem, MaKetQua, MaThanhPhan, Diem) values ('D2217161','KQ221716','CK',8.5)
insert into DIEM(MaDiem, MaKetQua, MaThanhPhan, Diem) values ('D2217162','KQ221716','GK',9.0)
insert into DIEM(MaDiem, MaKetQua, MaThanhPhan, Diem) values ('D2217163','KQ221716','TX',8.0)

insert into KETQUA_MONHOC_HOCSINH(MaKetQua, MaNamHoc, MaHocKy, MaMonHoc, MaHocSinh, DiemTB, MaXepLoai) values ('KQ221717','NH2223','1','SI12','22520049',null,null)
insert into DIEM(MaDiem, MaKetQua, MaThanhPhan, Diem) values ('D2217171','KQ221717','CK',9.0)
insert into DIEM(MaDiem, MaKetQua, MaThanhPhan, Diem) values ('D2217172','KQ221717','GK',10.0)
insert into DIEM(MaDiem, MaKetQua, MaThanhPhan, Diem) values ('D2217173','KQ221717','TX',8.5)

insert into KETQUA_MONHOC_HOCSINH(MaKetQua, MaNamHoc, MaHocKy, MaMonHoc, MaHocSinh, DiemTB, MaXepLoai) values ('KQ221718','NH2223','1','TD12','22520049',null,null)
insert into DIEM(MaDiem, MaKetQua, MaThanhPhan, Diem) values ('D2217181','KQ221718','CK',10.0)
insert into DIEM(MaDiem, MaKetQua, MaThanhPhan, Diem) values ('D2217182','KQ221718','GK',8.0)
insert into DIEM(MaDiem, MaKetQua, MaThanhPhan, Diem) values ('D2217183','KQ221718','TX',10.0)

insert into KETQUA_MONHOC_HOCSINH(MaKetQua, MaNamHoc, MaHocKy, MaMonHoc, MaHocSinh, DiemTB, MaXepLoai) values ('KQ221719','NH2223','1','TI12','22520049',null,null)
insert into DIEM(MaDiem, MaKetQua, MaThanhPhan, Diem) values ('D2217191','KQ221719','CK',9.0)
insert into DIEM(MaDiem, MaKetQua, MaThanhPhan, Diem) values ('D2217192','KQ221719','GK',8.0)
insert into DIEM(MaDiem, MaKetQua, MaThanhPhan, Diem) values ('D2217193','KQ221719','TX',8.5)

insert into KETQUA_MONHOC_HOCSINH(MaKetQua, MaNamHoc, MaHocKy, MaMonHoc, MaHocSinh, DiemTB, MaXepLoai) values ('KQ221720','NH2223','1','TO12','22520049',null,null)
insert into DIEM(MaDiem, MaKetQua, MaThanhPhan, Diem) values ('D2217201','KQ221720','CK',8.5)
insert into DIEM(MaDiem, MaKetQua, MaThanhPhan, Diem) values ('D2217202','KQ221720','GK',9.0)
insert into DIEM(MaDiem, MaKetQua, MaThanhPhan, Diem) values ('D2217203','KQ221720','TX',8.5)

insert into KETQUA_MONHOC_HOCSINH(MaKetQua, MaNamHoc, MaHocKy, MaMonHoc, MaHocSinh, DiemTB, MaXepLoai) values ('KQ221721','NH2223','1','VL12','22520049',null,null)
insert into DIEM(MaDiem, MaKetQua, MaThanhPhan, Diem) values ('D2217211','KQ221721','CK',9.5)
insert into DIEM(MaDiem, MaKetQua, MaThanhPhan, Diem) values ('D2217212','KQ221721','GK',8.5)
insert into DIEM(MaDiem, MaKetQua, MaThanhPhan, Diem) values ('D2217213','KQ221721','TX',10.0)

insert into KETQUA_MONHOC_HOCSINH(MaKetQua, MaNamHoc, MaHocKy, MaMonHoc, MaHocSinh, DiemTB, MaXepLoai) values ('KQ221722','NH2223','2','AV12','22520049',null,null)
insert into DIEM(MaDiem, MaKetQua, MaThanhPhan, Diem) values ('D2217221','KQ221722','CK',9.0)
insert into DIEM(MaDiem, MaKetQua, MaThanhPhan, Diem) values ('D2217222','KQ221722','GK',8.0)
insert into DIEM(MaDiem, MaKetQua, MaThanhPhan, Diem) values ('D2217223','KQ221722','TX',10.0)

insert into KETQUA_MONHOC_HOCSINH(MaKetQua, MaNamHoc, MaHocKy, MaMonHoc, MaHocSinh, DiemTB, MaXepLoai) values ('KQ221723','NH2223','2','CN12','22520049',null,null)
insert into DIEM(MaDiem, MaKetQua, MaThanhPhan, Diem) values ('D2217231','KQ221723','CK',8.0)
insert into DIEM(MaDiem, MaKetQua, MaThanhPhan, Diem) values ('D2217232','KQ221723','GK',10.0)
insert into DIEM(MaDiem, MaKetQua, MaThanhPhan, Diem) values ('D2217233','KQ221723','TX',8.0)

insert into KETQUA_MONHOC_HOCSINH(MaKetQua, MaNamHoc, MaHocKy, MaMonHoc, MaHocSinh, DiemTB, MaXepLoai) values ('KQ221724','NH2223','2','DL12','22520049',null,null)
insert into DIEM(MaDiem, MaKetQua, MaThanhPhan, Diem) values ('D2217241','KQ221724','CK',10.0)
insert into DIEM(MaDiem, MaKetQua, MaThanhPhan, Diem) values ('D2217242','KQ221724','GK',8.5)
insert into DIEM(MaDiem, MaKetQua, MaThanhPhan, Diem) values ('D2217243','KQ221724','TX',9.0)

insert into KETQUA_MONHOC_HOCSINH(MaKetQua, MaNamHoc, MaHocKy, MaMonHoc, MaHocSinh, DiemTB, MaXepLoai) values ('KQ221725','NH2223','2','GD12','22520049',null,null)
insert into DIEM(MaDiem, MaKetQua, MaThanhPhan, Diem) values ('D2217251','KQ221725','CK',9.0)
insert into DIEM(MaDiem, MaKetQua, MaThanhPhan, Diem) values ('D2217252','KQ221725','GK',10.0)
insert into DIEM(MaDiem, MaKetQua, MaThanhPhan, Diem) values ('D2217253','KQ221725','TX',9.5)

insert into KETQUA_MONHOC_HOCSINH(MaKetQua, MaNamHoc, MaHocKy, MaMonHoc, MaHocSinh, DiemTB, MaXepLoai) values ('KQ221726','NH2223','2','HO12','22520049',null,null)
insert into DIEM(MaDiem, MaKetQua, MaThanhPhan, Diem) values ('D2217261','KQ221726','CK',9.0)
insert into DIEM(MaDiem, MaKetQua, MaThanhPhan, Diem) values ('D2217262','KQ221726','GK',10.0)
insert into DIEM(MaDiem, MaKetQua, MaThanhPhan, Diem) values ('D2217263','KQ221726','TX',8.5)

insert into KETQUA_MONHOC_HOCSINH(MaKetQua, MaNamHoc, MaHocKy, MaMonHoc, MaHocSinh, DiemTB, MaXepLoai) values ('KQ221727','NH2223','2','LS12','22520049',null,null)
insert into DIEM(MaDiem, MaKetQua, MaThanhPhan, Diem) values ('D2217271','KQ221727','CK',8.0)
insert into DIEM(MaDiem, MaKetQua, MaThanhPhan, Diem) values ('D2217272','KQ221727','GK',8.5)
insert into DIEM(MaDiem, MaKetQua, MaThanhPhan, Diem) values ('D2217273','KQ221727','TX',9.5)

insert into KETQUA_MONHOC_HOCSINH(MaKetQua, MaNamHoc, MaHocKy, MaMonHoc, MaHocSinh, DiemTB, MaXepLoai) values ('KQ221728','NH2223','2','NV12','22520049',null,null)
insert into DIEM(MaDiem, MaKetQua, MaThanhPhan, Diem) values ('D2217281','KQ221728','CK',8.5)
insert into DIEM(MaDiem, MaKetQua, MaThanhPhan, Diem) values ('D2217282','KQ221728','GK',8.0)
insert into DIEM(MaDiem, MaKetQua, MaThanhPhan, Diem) values ('D2217283','KQ221728','TX',10.0)

insert into KETQUA_MONHOC_HOCSINH(MaKetQua, MaNamHoc, MaHocKy, MaMonHoc, MaHocSinh, DiemTB, MaXepLoai) values ('KQ221729','NH2223','2','QP12','22520049',null,null)
insert into DIEM(MaDiem, MaKetQua, MaThanhPhan, Diem) values ('D2217291','KQ221729','CK',9.0)
insert into DIEM(MaDiem, MaKetQua, MaThanhPhan, Diem) values ('D2217292','KQ221729','GK',8.0)
insert into DIEM(MaDiem, MaKetQua, MaThanhPhan, Diem) values ('D2217293','KQ221729','TX',10.0)

insert into KETQUA_MONHOC_HOCSINH(MaKetQua, MaNamHoc, MaHocKy, MaMonHoc, MaHocSinh, DiemTB, MaXepLoai) values ('KQ221730','NH2223','2','SI12','22520049',null,null)
insert into DIEM(MaDiem, MaKetQua, MaThanhPhan, Diem) values ('D2217301','KQ221730','CK',9.5)
insert into DIEM(MaDiem, MaKetQua, MaThanhPhan, Diem) values ('D2217302','KQ221730','GK',9.5)
insert into DIEM(MaDiem, MaKetQua, MaThanhPhan, Diem) values ('D2217303','KQ221730','TX',8.5)

insert into KETQUA_MONHOC_HOCSINH(MaKetQua, MaNamHoc, MaHocKy, MaMonHoc, MaHocSinh, DiemTB, MaXepLoai) values ('KQ221731','NH2223','2','TD12','22520049',null,null)
insert into DIEM(MaDiem, MaKetQua, MaThanhPhan, Diem) values ('D2217311','KQ221731','CK',8.5)
insert into DIEM(MaDiem, MaKetQua, MaThanhPhan, Diem) values ('D2217312','KQ221731','GK',9.5)
insert into DIEM(MaDiem, MaKetQua, MaThanhPhan, Diem) values ('D2217313','KQ221731','TX',8.5)

insert into KETQUA_MONHOC_HOCSINH(MaKetQua, MaNamHoc, MaHocKy, MaMonHoc, MaHocSinh, DiemTB, MaXepLoai) values ('KQ221732','NH2223','2','TI12','22520049',null,null)
insert into DIEM(MaDiem, MaKetQua, MaThanhPhan, Diem) values ('D2217321','KQ221732','CK',8.0)
insert into DIEM(MaDiem, MaKetQua, MaThanhPhan, Diem) values ('D2217322','KQ221732','GK',9.5)
insert into DIEM(MaDiem, MaKetQua, MaThanhPhan, Diem) values ('D2217323','KQ221732','TX',8.0)

insert into KETQUA_MONHOC_HOCSINH(MaKetQua, MaNamHoc, MaHocKy, MaMonHoc, MaHocSinh, DiemTB, MaXepLoai) values ('KQ221733','NH2223','2','TO12','22520049',null,null)
insert into DIEM(MaDiem, MaKetQua, MaThanhPhan, Diem) values ('D2217331','KQ221733','CK',10.0)
insert into DIEM(MaDiem, MaKetQua, MaThanhPhan, Diem) values ('D2217332','KQ221733','GK',10.0)
insert into DIEM(MaDiem, MaKetQua, MaThanhPhan, Diem) values ('D2217333','KQ221733','TX',9.5)

insert into KETQUA_MONHOC_HOCSINH(MaKetQua, MaNamHoc, MaHocKy, MaMonHoc, MaHocSinh, DiemTB, MaXepLoai) values ('KQ221734','NH2223','2','VL12','22520049',null,null)
insert into DIEM(MaDiem, MaKetQua, MaThanhPhan, Diem) values ('D2217341','KQ221734','CK',10.0)
insert into DIEM(MaDiem, MaKetQua, MaThanhPhan, Diem) values ('D2217342','KQ221734','GK',8.5)
insert into DIEM(MaDiem, MaKetQua, MaThanhPhan, Diem) values ('D2217343','KQ221734','TX',8.5)

insert into KETQUA_MONHOC_HOCSINH(MaKetQua, MaNamHoc, MaHocKy, MaMonHoc, MaHocSinh, DiemTB, MaXepLoai) values ('KQ221735','NH2223','1','AV10','22520050',null,null)
insert into DIEM(MaDiem, MaKetQua, MaThanhPhan, Diem) values ('D2217351','KQ221735','CK',5.5)
insert into DIEM(MaDiem, MaKetQua, MaThanhPhan, Diem) values ('D2217352','KQ221735','GK',7.5)
insert into DIEM(MaDiem, MaKetQua, MaThanhPhan, Diem) values ('D2217353','KQ221735','TX',5.0)

insert into KETQUA_MONHOC_HOCSINH(MaKetQua, MaNamHoc, MaHocKy, MaMonHoc, MaHocSinh, DiemTB, MaXepLoai) values ('KQ221736','NH2223','1','CN10','22520050',null,null)
insert into DIEM(MaDiem, MaKetQua, MaThanhPhan, Diem) values ('D2217361','KQ221736','CK',7.5)
insert into DIEM(MaDiem, MaKetQua, MaThanhPhan, Diem) values ('D2217362','KQ221736','GK',6.5)
insert into DIEM(MaDiem, MaKetQua, MaThanhPhan, Diem) values ('D2217363','KQ221736','TX',8.0)

insert into KETQUA_MONHOC_HOCSINH(MaKetQua, MaNamHoc, MaHocKy, MaMonHoc, MaHocSinh, DiemTB, MaXepLoai) values ('KQ221737','NH2223','1','DL10','22520050',null,null)
insert into DIEM(MaDiem, MaKetQua, MaThanhPhan, Diem) values ('D2217371','KQ221737','CK',5.5)
insert into DIEM(MaDiem, MaKetQua, MaThanhPhan, Diem) values ('D2217372','KQ221737','GK',4.0)
insert into DIEM(MaDiem, MaKetQua, MaThanhPhan, Diem) values ('D2217373','KQ221737','TX',4.5)

insert into KETQUA_MONHOC_HOCSINH(MaKetQua, MaNamHoc, MaHocKy, MaMonHoc, MaHocSinh, DiemTB, MaXepLoai) values ('KQ221738','NH2223','1','GD10','22520050',null,null)
insert into DIEM(MaDiem, MaKetQua, MaThanhPhan, Diem) values ('D2217381','KQ221738','CK',6.5)
insert into DIEM(MaDiem, MaKetQua, MaThanhPhan, Diem) values ('D2217382','KQ221738','GK',5.5)
insert into DIEM(MaDiem, MaKetQua, MaThanhPhan, Diem) values ('D2217383','KQ221738','TX',6.0)

insert into KETQUA_MONHOC_HOCSINH(MaKetQua, MaNamHoc, MaHocKy, MaMonHoc, MaHocSinh, DiemTB, MaXepLoai) values ('KQ221739','NH2223','1','HO10','22520050',null,null)
insert into DIEM(MaDiem, MaKetQua, MaThanhPhan, Diem) values ('D2217391','KQ221739','CK',5.0)
insert into DIEM(MaDiem, MaKetQua, MaThanhPhan, Diem) values ('D2217392','KQ221739','GK',6.5)
insert into DIEM(MaDiem, MaKetQua, MaThanhPhan, Diem) values ('D2217393','KQ221739','TX',5.0)

insert into KETQUA_MONHOC_HOCSINH(MaKetQua, MaNamHoc, MaHocKy, MaMonHoc, MaHocSinh, DiemTB, MaXepLoai) values ('KQ221740','NH2223','1','LS10','22520050',null,null)
insert into DIEM(MaDiem, MaKetQua, MaThanhPhan, Diem) values ('D2217401','KQ221740','CK',5.0)
insert into DIEM(MaDiem, MaKetQua, MaThanhPhan, Diem) values ('D2217402','KQ221740','GK',5.5)
insert into DIEM(MaDiem, MaKetQua, MaThanhPhan, Diem) values ('D2217403','KQ221740','TX',8.0)

insert into KETQUA_MONHOC_HOCSINH(MaKetQua, MaNamHoc, MaHocKy, MaMonHoc, MaHocSinh, DiemTB, MaXepLoai) values ('KQ221741','NH2223','1','NV10','22520050',null,null)
insert into DIEM(MaDiem, MaKetQua, MaThanhPhan, Diem) values ('D2217411','KQ221741','CK',4.5)
insert into DIEM(MaDiem, MaKetQua, MaThanhPhan, Diem) values ('D2217412','KQ221741','GK',5.5)
insert into DIEM(MaDiem, MaKetQua, MaThanhPhan, Diem) values ('D2217413','KQ221741','TX',5.0)

insert into KETQUA_MONHOC_HOCSINH(MaKetQua, MaNamHoc, MaHocKy, MaMonHoc, MaHocSinh, DiemTB, MaXepLoai) values ('KQ221742','NH2223','1','QP10','22520050',null,null)
insert into DIEM(MaDiem, MaKetQua, MaThanhPhan, Diem) values ('D2217421','KQ221742','CK',4.0)
insert into DIEM(MaDiem, MaKetQua, MaThanhPhan, Diem) values ('D2217422','KQ221742','GK',5.0)
insert into DIEM(MaDiem, MaKetQua, MaThanhPhan, Diem) values ('D2217423','KQ221742','TX',8.0)

insert into KETQUA_MONHOC_HOCSINH(MaKetQua, MaNamHoc, MaHocKy, MaMonHoc, MaHocSinh, DiemTB, MaXepLoai) values ('KQ221743','NH2223','1','SI10','22520050',null,null)
insert into DIEM(MaDiem, MaKetQua, MaThanhPhan, Diem) values ('D2217431','KQ221743','CK',6.0)
insert into DIEM(MaDiem, MaKetQua, MaThanhPhan, Diem) values ('D2217432','KQ221743','GK',5.5)
insert into DIEM(MaDiem, MaKetQua, MaThanhPhan, Diem) values ('D2217433','KQ221743','TX',6.5)

insert into KETQUA_MONHOC_HOCSINH(MaKetQua, MaNamHoc, MaHocKy, MaMonHoc, MaHocSinh, DiemTB, MaXepLoai) values ('KQ221744','NH2223','1','TD10','22520050',null,null)
insert into DIEM(MaDiem, MaKetQua, MaThanhPhan, Diem) values ('D2217441','KQ221744','CK',7.0)
insert into DIEM(MaDiem, MaKetQua, MaThanhPhan, Diem) values ('D2217442','KQ221744','GK',8.0)
insert into DIEM(MaDiem, MaKetQua, MaThanhPhan, Diem) values ('D2217443','KQ221744','TX',4.5)

insert into KETQUA_MONHOC_HOCSINH(MaKetQua, MaNamHoc, MaHocKy, MaMonHoc, MaHocSinh, DiemTB, MaXepLoai) values ('KQ221745','NH2223','1','TI10','22520050',null,null)
insert into DIEM(MaDiem, MaKetQua, MaThanhPhan, Diem) values ('D2217451','KQ221745','CK',7.0)
insert into DIEM(MaDiem, MaKetQua, MaThanhPhan, Diem) values ('D2217452','KQ221745','GK',5.5)
insert into DIEM(MaDiem, MaKetQua, MaThanhPhan, Diem) values ('D2217453','KQ221745','TX',8.0)

insert into KETQUA_MONHOC_HOCSINH(MaKetQua, MaNamHoc, MaHocKy, MaMonHoc, MaHocSinh, DiemTB, MaXepLoai) values ('KQ221746','NH2223','1','TO10','22520050',null,null)
insert into DIEM(MaDiem, MaKetQua, MaThanhPhan, Diem) values ('D2217461','KQ221746','CK',7.5)
insert into DIEM(MaDiem, MaKetQua, MaThanhPhan, Diem) values ('D2217462','KQ221746','GK',6.5)
insert into DIEM(MaDiem, MaKetQua, MaThanhPhan, Diem) values ('D2217463','KQ221746','TX',7.0)

insert into KETQUA_MONHOC_HOCSINH(MaKetQua, MaNamHoc, MaHocKy, MaMonHoc, MaHocSinh, DiemTB, MaXepLoai) values ('KQ221747','NH2223','1','VL10','22520050',null,null)
insert into DIEM(MaDiem, MaKetQua, MaThanhPhan, Diem) values ('D2217471','KQ221747','CK',4.5)
insert into DIEM(MaDiem, MaKetQua, MaThanhPhan, Diem) values ('D2217472','KQ221747','GK',5.0)
insert into DIEM(MaDiem, MaKetQua, MaThanhPhan, Diem) values ('D2217473','KQ221747','TX',4.5)

insert into KETQUA_MONHOC_HOCSINH(MaKetQua, MaNamHoc, MaHocKy, MaMonHoc, MaHocSinh, DiemTB, MaXepLoai) values ('KQ221748','NH2223','2','AV10','22520050',null,null)
insert into DIEM(MaDiem, MaKetQua, MaThanhPhan, Diem) values ('D2217481','KQ221748','CK',7.5)
insert into DIEM(MaDiem, MaKetQua, MaThanhPhan, Diem) values ('D2217482','KQ221748','GK',8.0)
insert into DIEM(MaDiem, MaKetQua, MaThanhPhan, Diem) values ('D2217483','KQ221748','TX',4.5)

insert into KETQUA_MONHOC_HOCSINH(MaKetQua, MaNamHoc, MaHocKy, MaMonHoc, MaHocSinh, DiemTB, MaXepLoai) values ('KQ221749','NH2223','2','CN10','22520050',null,null)
insert into DIEM(MaDiem, MaKetQua, MaThanhPhan, Diem) values ('D2217491','KQ221749','CK',4.0)
insert into DIEM(MaDiem, MaKetQua, MaThanhPhan, Diem) values ('D2217492','KQ221749','GK',6.0)
insert into DIEM(MaDiem, MaKetQua, MaThanhPhan, Diem) values ('D2217493','KQ221749','TX',4.5)

insert into KETQUA_MONHOC_HOCSINH(MaKetQua, MaNamHoc, MaHocKy, MaMonHoc, MaHocSinh, DiemTB, MaXepLoai) values ('KQ221750','NH2223','2','DL10','22520050',null,null)
insert into DIEM(MaDiem, MaKetQua, MaThanhPhan, Diem) values ('D2217501','KQ221750','CK',6.0)
insert into DIEM(MaDiem, MaKetQua, MaThanhPhan, Diem) values ('D2217502','KQ221750','GK',7.5)
insert into DIEM(MaDiem, MaKetQua, MaThanhPhan, Diem) values ('D2217503','KQ221750','TX',7.5)

insert into KETQUA_MONHOC_HOCSINH(MaKetQua, MaNamHoc, MaHocKy, MaMonHoc, MaHocSinh, DiemTB, MaXepLoai) values ('KQ221751','NH2223','2','GD10','22520050',null,null)
insert into DIEM(MaDiem, MaKetQua, MaThanhPhan, Diem) values ('D2217511','KQ221751','CK',7.0)
insert into DIEM(MaDiem, MaKetQua, MaThanhPhan, Diem) values ('D2217512','KQ221751','GK',8.0)
insert into DIEM(MaDiem, MaKetQua, MaThanhPhan, Diem) values ('D2217513','KQ221751','TX',6.0)

insert into KETQUA_MONHOC_HOCSINH(MaKetQua, MaNamHoc, MaHocKy, MaMonHoc, MaHocSinh, DiemTB, MaXepLoai) values ('KQ221752','NH2223','2','HO10','22520050',null,null)
insert into DIEM(MaDiem, MaKetQua, MaThanhPhan, Diem) values ('D2217521','KQ221752','CK',4.0)
insert into DIEM(MaDiem, MaKetQua, MaThanhPhan, Diem) values ('D2217522','KQ221752','GK',7.0)
insert into DIEM(MaDiem, MaKetQua, MaThanhPhan, Diem) values ('D2217523','KQ221752','TX',6.5)

insert into KETQUA_MONHOC_HOCSINH(MaKetQua, MaNamHoc, MaHocKy, MaMonHoc, MaHocSinh, DiemTB, MaXepLoai) values ('KQ221753','NH2223','2','LS10','22520050',null,null)
insert into DIEM(MaDiem, MaKetQua, MaThanhPhan, Diem) values ('D2217531','KQ221753','CK',6.5)
insert into DIEM(MaDiem, MaKetQua, MaThanhPhan, Diem) values ('D2217532','KQ221753','GK',5.5)
insert into DIEM(MaDiem, MaKetQua, MaThanhPhan, Diem) values ('D2217533','KQ221753','TX',4.5)

insert into KETQUA_MONHOC_HOCSINH(MaKetQua, MaNamHoc, MaHocKy, MaMonHoc, MaHocSinh, DiemTB, MaXepLoai) values ('KQ221754','NH2223','2','NV10','22520050',null,null)
insert into DIEM(MaDiem, MaKetQua, MaThanhPhan, Diem) values ('D2217541','KQ221754','CK',4.0)
insert into DIEM(MaDiem, MaKetQua, MaThanhPhan, Diem) values ('D2217542','KQ221754','GK',7.5)
insert into DIEM(MaDiem, MaKetQua, MaThanhPhan, Diem) values ('D2217543','KQ221754','TX',7.0)

insert into KETQUA_MONHOC_HOCSINH(MaKetQua, MaNamHoc, MaHocKy, MaMonHoc, MaHocSinh, DiemTB, MaXepLoai) values ('KQ221755','NH2223','2','QP10','22520050',null,null)
insert into DIEM(MaDiem, MaKetQua, MaThanhPhan, Diem) values ('D2217551','KQ221755','CK',6.5)
insert into DIEM(MaDiem, MaKetQua, MaThanhPhan, Diem) values ('D2217552','KQ221755','GK',4.0)
insert into DIEM(MaDiem, MaKetQua, MaThanhPhan, Diem) values ('D2217553','KQ221755','TX',4.0)

insert into KETQUA_MONHOC_HOCSINH(MaKetQua, MaNamHoc, MaHocKy, MaMonHoc, MaHocSinh, DiemTB, MaXepLoai) values ('KQ221756','NH2223','2','SI10','22520050',null,null)
insert into DIEM(MaDiem, MaKetQua, MaThanhPhan, Diem) values ('D2217561','KQ221756','CK',7.0)
insert into DIEM(MaDiem, MaKetQua, MaThanhPhan, Diem) values ('D2217562','KQ221756','GK',5.5)
insert into DIEM(MaDiem, MaKetQua, MaThanhPhan, Diem) values ('D2217563','KQ221756','TX',7.5)

insert into KETQUA_MONHOC_HOCSINH(MaKetQua, MaNamHoc, MaHocKy, MaMonHoc, MaHocSinh, DiemTB, MaXepLoai) values ('KQ221757','NH2223','2','TD10','22520050',null,null)
insert into DIEM(MaDiem, MaKetQua, MaThanhPhan, Diem) values ('D2217571','KQ221757','CK',5.0)
insert into DIEM(MaDiem, MaKetQua, MaThanhPhan, Diem) values ('D2217572','KQ221757','GK',7.0)
insert into DIEM(MaDiem, MaKetQua, MaThanhPhan, Diem) values ('D2217573','KQ221757','TX',7.0)

insert into KETQUA_MONHOC_HOCSINH(MaKetQua, MaNamHoc, MaHocKy, MaMonHoc, MaHocSinh, DiemTB, MaXepLoai) values ('KQ221758','NH2223','2','TI10','22520050',null,null)
insert into DIEM(MaDiem, MaKetQua, MaThanhPhan, Diem) values ('D2217581','KQ221758','CK',7.5)
insert into DIEM(MaDiem, MaKetQua, MaThanhPhan, Diem) values ('D2217582','KQ221758','GK',4.0)
insert into DIEM(MaDiem, MaKetQua, MaThanhPhan, Diem) values ('D2217583','KQ221758','TX',6.0)

insert into KETQUA_MONHOC_HOCSINH(MaKetQua, MaNamHoc, MaHocKy, MaMonHoc, MaHocSinh, DiemTB, MaXepLoai) values ('KQ221759','NH2223','2','TO10','22520050',null,null)
insert into DIEM(MaDiem, MaKetQua, MaThanhPhan, Diem) values ('D2217591','KQ221759','CK',4.5)
insert into DIEM(MaDiem, MaKetQua, MaThanhPhan, Diem) values ('D2217592','KQ221759','GK',5.5)
insert into DIEM(MaDiem, MaKetQua, MaThanhPhan, Diem) values ('D2217593','KQ221759','TX',5.0)

insert into KETQUA_MONHOC_HOCSINH(MaKetQua, MaNamHoc, MaHocKy, MaMonHoc, MaHocSinh, DiemTB, MaXepLoai) values ('KQ221760','NH2223','2','VL10','22520050',null,null)
insert into DIEM(MaDiem, MaKetQua, MaThanhPhan, Diem) values ('D2217601','KQ221760','CK',4.0)
insert into DIEM(MaDiem, MaKetQua, MaThanhPhan, Diem) values ('D2217602','KQ221760','GK',7.0)
insert into DIEM(MaDiem, MaKetQua, MaThanhPhan, Diem) values ('D2217603','KQ221760','TX',5.5)


